POSICAO,NO_ENTIDADE,NO_MUNICIPIO,DEP,N_ALUNOS,MEDIA_5,CN,CH,LC,MT,REDACAO,CO_ESCOLA
1,COLEGIO EQUIPE LTDA,Belém,4.0,38,760.2,704.0,679.5,658.8,843.1,915.3,15167275
2,COLEGIO INTEGRADO IN,Belém,4.0,26,747.5,675.7,681.7,647.1,834.5,898.5,15181081
3,PHYSICS COLEGIO E CURSO,Belém,4.0,34,741.7,680.4,685.7,660.2,807.9,874.1,15172287
4,GRUPO FUTURO EDUCACIONAL MARABA,Marabá,4.0,13,708.6,629.3,642.1,620.3,743.7,907.7,15103080
5,COLEGIO EQUIPE CRISTAL,Belém,4.0,56,687.0,624.8,620.7,610.3,715.7,863.6,15168344
6,ESCOLA DE EDUCACAO BASICA CENTRO EDUCACIONAL ANCHIETA,Itaituba,4.0,26,683.4,595.5,624.5,603.4,696.8,896.9,15152120
7,COLEGIO MILITAR DE BELEM,Belém,1.0,82,668.9,605.4,616.4,613.2,717.2,792.4,15167216
8,COL STA CATARINA DE SENA,Belém,4.0,89,662.4,587.6,625.1,603.6,657.8,837.8,15038491
9,SOC DE EDUC INTEG HUMANA DO BRASIL,Santarém,4.0,30,662.4,583.6,600.2,611.9,660.4,856.0,15528715
10,COLEGIO MARISTA NOSSA SENHORA DE NAZARE,Belém,4.0,114,661.2,592.3,613.9,599.4,669.7,830.9,15038424
11,CENTRO EDUCACIONAL ESCREVA COM LTDA,Marabá,4.0,65,658.7,588.4,592.8,590.4,661.1,860.6,15172201
12,COLEGIO EQUIPE GENTIL,Belém,4.0,118,657.9,596.8,602.2,591.2,666.1,833.2,15229408
13,COLEGIO CEI,Belém,4.0,34,657.5,588.5,608.8,592.0,642.8,855.3,15567672
14,COLEGIO DOM AMANDO,Santarém,4.0,85,653.0,590.5,591.9,600.6,651.8,830.1,15011070
15,E PART E I F M INST NSRA DOS ANJOS,Abaetetuba,4.0,35,651.8,587.2,575.4,579.4,651.9,865.1,15066886
16,E E F M ALVORADA,Marabá,4.0,31,647.3,570.8,584.4,566.9,673.1,841.3,15577740
17,COLEGIO EQUIPE JURUTI,Juruti,4.0,19,647.2,570.4,604.4,579.3,638.0,844.2,15179397
18,COLEGIO INTEGRADO BELEM LTDA,Belém,4.0,61,643.9,568.1,606.3,590.3,637.4,817.7,15174476
19,COLEGIO SAO PAULO,Belém,4.0,62,641.2,564.9,605.7,583.6,629.6,822.3,15038483
20,COLEGIO EQUIPE ANANINDEUA,Ananindeua,4.0,81,639.1,575.9,590.0,584.8,632.8,812.1,15177017
21,COLEGIO EQUIPE MARCO,Belém,4.0,46,638.4,584.6,583.1,592.0,628.2,804.3,15180956
22,COLEGIO TENENTE REGO BARROS,Belém,1.0,89,636.9,581.1,588.1,570.0,641.6,803.8,15039153
23,ACADEMIA BORDONI DE REFERENCIA EDUCACIONAL ABRE,Salinópolis,4.0,16,636.6,575.9,594.6,583.9,642.3,786.2,15159485
24,COLEGIO SAO JOSE,Castanhal,4.0,36,635.0,560.5,572.6,571.4,632.9,837.8,15045455
25,GENIUS UNIVERSIDADE DE CONSTRUCAO E APRENDIZAGEM,Capanema,4.0,11,633.4,570.0,580.3,587.5,632.7,796.4,15586057
26,CENTRO EDUCACIONAL COLEGIO MONTE CASTELO,Marabá,4.0,51,633.3,569.4,575.2,570.1,616.8,834.9,15561313
27,CENTRO DE ESTUDOS JOHN KNOX,Belém,4.0,47,633.1,574.5,586.3,570.2,636.7,797.9,15567770
28,COLEGUIUM - UNIDADE INTERNACIONAL CARAJAS,Parauapebas,4.0,54,632.2,581.4,578.3,578.8,650.1,772.2,15173437
29,COLEGIO ATITUDE,Cametá,4.0,60,628.0,557.2,564.3,572.8,586.2,859.3,15096831
30,COLEGIO IDEAL BATISTA CAMPOS,Belém,4.0,194,624.6,571.9,580.0,578.1,628.9,764.3,15181456
31,ESCOLA DE ENSINO FUNDAMENTAL E MEDIO NIKKEI DE TOME-ACU,Tomé-Açu,4.0,11,622.9,534.1,554.8,574.2,595.0,856.4,15579131
32,CENTRO EDUCACIONAL FONTE DO SABER,Ananindeua,4.0,13,619.3,572.5,580.0,561.3,565.7,816.9,15209806
33,CENTRO DE SERVICOS EDUCACIONAIS DO PARA,Belém,4.0,39,618.6,566.7,576.0,571.1,607.1,772.3,15037622
34,SEI-SISTEMA DE ENSINO INCENTIVO,São Miguel do Guamá,4.0,15,618.5,526.0,568.4,554.1,624.0,820.0,15590798
35,COLEGIO ALFA,Belém,4.0,46,618.1,555.8,557.4,570.3,595.5,811.3,15037614
36,COLEGIO SANTA ROSA,Belém,4.0,171,617.2,560.8,585.5,566.4,607.8,765.5,15038513
37,ESCOLA DE EDUCACAO BASICA E PROFISSIONAL FUNDACAO BRADESCO,Paragominas,4.0,70,616.4,548.0,556.8,572.0,609.1,796.0,15118932
38,SISTEMA DE ENSINO EQUIPE PARAGOMINAS LTDA,Paragominas,4.0,29,616.0,556.6,569.5,571.0,598.9,784.1,15175448
39,SISTEMA EDUCACIONAL UNIVERSO POSITIVO,Ananindeua,4.0,28,615.3,541.4,576.5,556.3,583.7,818.6,15165833
40,COLEGIO EDUCACIONAL BENTHIEN LTDA,Redenção,4.0,17,615.1,530.4,557.2,554.0,590.4,843.5,15179290
41,CENTRO DE APRENDIZAGEM CRESCER,Castanhal,4.0,53,615.0,548.5,562.1,564.5,580.8,819.2,15147002
42,SISTEMA DE ENSINO CONTEXTUAL,Castanhal,4.0,65,614.6,553.1,566.1,572.5,574.0,807.4,15174310
43,PHYSICS COLEGIO E CURSO,Castanhal,4.0,56,614.5,533.0,566.0,575.1,595.0,803.6,15175529
44,COLEGIO ASLAN,Belém,4.0,23,614.2,565.0,584.5,563.5,570.9,787.0,15172147
45,COLEGIO GENTIL BITTENCOURT,Belém,4.0,44,612.4,561.4,563.7,561.4,610.5,765.0,15581276
46,PHYSICS COLEGIO E CURSO,Belém,4.0,59,612.2,554.2,565.3,567.8,595.5,778.3,15173429
47,PHYSICS COLEGIO E CURSO,Belém,4.0,140,610.2,547.9,567.9,566.6,603.0,765.7,15163830
48,ESCOLA TECNICA VALE DOS CARAJAS,Parauapebas,4.0,36,609.2,552.2,565.6,575.1,600.5,752.8,15168654
49,COLEGIO SAPIENS,Altamira,4.0,18,608.3,551.7,573.5,553.8,619.3,743.3,15140463
50,ESCOLA DE EDUCACAO BASICA AGROPALMA,Tailândia,4.0,19,608.3,553.2,553.2,571.1,598.8,765.3,15084620
51,SISTEMA EDUCACIONAL ACROPOLE BELEM,Belém,4.0,12,607.9,548.3,565.9,548.4,605.4,771.7,15581900
52,COLEGIO SUPREMO DA AMAZONIA,Ananindeua,4.0,35,607.8,553.9,563.0,569.7,596.2,756.0,15565793
53,ESCOLA DE EDUCACAO BASICA MARECHAL RONDON,Itaituba,4.0,47,607.4,509.5,558.1,557.7,567.7,843.8,15586413
54,COLEGIO GILDETE DUTRA,Altamira,4.0,17,606.7,560.4,539.8,566.3,620.1,747.1,15552900
55,ESCOLA PROFESSOR JONATHAS PONTES ATHIAS,Oriximiná,4.0,34,606.7,557.3,575.1,560.1,590.3,750.6,15004716
56,SISTEMA DE ENSINO LOGOS LTDA,Ananindeua,4.0,35,606.3,565.4,567.4,571.6,581.6,745.7,15167178
57,COLEGIO BATISTA DE SANTAREM,Santarém,4.0,28,604.9,558.7,580.7,572.8,566.6,745.7,15560759
58,COLEGIO SANTA MADRE,Belém,4.0,32,604.7,545.3,568.7,559.2,569.7,780.6,15570541
59,COLEGIO PEQUENO PRINCIPEAVANTE,Belém,4.0,89,603.1,557.4,559.9,553.5,589.2,755.3,15156028
60,CENTRO DE ESTUDO PROFESSOR MANOEL LEITE,Belém,4.0,45,600.4,541.2,558.5,549.4,566.4,786.7,15167372
61,SISTEMA DE ENSINO CTEM,Castanhal,4.0,29,600.1,522.1,548.8,574.4,601.0,754.5,15995933
62,COLEGIOSEIMA,Belém,4.0,35,599.0,547.2,557.8,542.3,543.6,804.0,15585689
63,COLEGIO SANTA CLARA,Santarém,4.0,94,597.8,549.0,559.4,575.7,576.7,728.3,15011097
64,INSTITUTO SANTA TERESINHA,Bragança,4.0,46,597.4,527.8,529.2,564.5,586.9,778.7,15058794
65,ESCOLA DE ENSINO MEDIO SM TEENS,Tailândia,4.0,16,596.5,533.1,539.7,558.4,603.8,747.5,15174484
66,CENTRO DE APRENDIZAGEM E DESENVOLVIMENTO PERCEPCAO,Castanhal,4.0,11,596.2,523.1,550.1,559.4,526.7,821.8,15566552
67,COLEGIO SAO PIO X,Capanema,4.0,27,595.8,518.3,539.8,551.4,586.6,783.0,15059570
68,ESCOLA SESI MARABA,Marabá,4.0,24,595.2,525.7,537.0,551.6,593.3,768.3,15127230
69,COLEGIO IDEAL,Belém,4.0,69,594.1,550.9,554.2,550.0,567.3,747.8,15171639
70,COLEGIO ADVENTISTA DE MARABA,Marabá,4.0,34,593.4,532.1,547.4,561.1,565.5,761.2,15097811
71,COLEGIO ASPECTO EIRELI,Ananindeua,4.0,40,593.3,557.8,573.2,555.9,554.6,725.0,15549704
72,COLEGIO EVOLUCAO DE ALTAMIRA,Altamira,4.0,12,593.1,542.5,556.5,580.2,594.8,691.7,15176045
73,COLEGIO DE E F M SOPHOS,Belém,4.0,203,593.0,543.6,556.0,555.7,562.9,746.9,15554139
74,CENTRO EDUC MONS GIOVANNI BROCCARDO,Santa Izabel do Pará,4.0,50,592.9,516.9,522.5,549.6,539.8,835.6,15584240
75,ALICERCE EDUCACIONAL,Marabá,4.0,14,592.6,541.5,542.3,539.6,558.0,781.4,15180654
76,COLEGIO ADVENTISTA DA MARAMBAIA,Belém,4.0,44,592.3,533.8,543.9,544.0,577.8,761.8,15096190
77,ESCOLA DE EDUCACAO BASICA CRESCER LTDA - ME,Conceição do Araguaia,4.0,16,591.5,517.3,530.1,546.3,605.2,758.8,15569764
78,INSTITUTO VICENTINO NSRª AUXILIADORA,Cametá,4.0,30,591.2,524.4,534.2,549.4,546.7,801.3,15180301
79,CENTRO DE ENSINO PLENO IDEAL,Ananindeua,4.0,114,591.2,537.6,546.6,554.1,584.4,733.2,15570533
80,CENTRO EDUCACIONAL PARAISO DO ESTUDANTE,Belém,4.0,12,591.2,520.1,558.1,534.9,566.3,776.7,15586324
81,COLEGIO SANTO ANTONIO,Belém,4.0,25,591.1,551.1,562.6,569.7,611.2,660.8,15038521
82,COLEGIO JOAO XXIII,Castanhal,4.0,48,590.0,531.8,548.9,557.4,569.3,742.5,15547205
83,CENTRO EDUCACIONAL RITA MAIA,Santa Izabel do Pará,4.0,16,589.9,517.2,532.0,561.2,520.4,818.8,15047318
84,INSTITUTO DE EDUCACAO BETEL,Castanhal,4.0,32,588.7,534.3,547.9,566.7,549.1,745.6,15539962
85,CENTRO INTEGRADO PRIMEIROS PASSOS,Belém,4.0,19,588.5,525.2,566.8,552.7,539.9,757.9,15097250
86,ESC DOM ANGELO FROZI SC LTDA,Barcarena,4.0,44,587.9,511.3,543.0,558.7,569.2,757.3,15542858
87,COLEGIO INTELECTUAL,Ananindeua,4.0,67,586.6,530.2,553.8,543.5,542.4,763.3,15572005
88,ENGELS,Abaetetuba,4.0,66,585.8,528.1,530.6,541.7,539.3,789.1,15584062
89,COLEGIO PROF ANTONIO LEITE,Castanhal,4.0,81,585.8,526.6,558.7,555.1,553.9,734.8,15166236
90,COLEGIO ADVENTISTA DE SANTAREM,Santarém,4.0,31,585.6,540.4,535.4,557.7,571.8,722.6,15171027
91,COLEGIO PRIMEIRO MUNDO,Ourilândia do Norte,4.0,41,584.7,514.4,534.9,547.9,594.4,731.7,15176339
92,CENTRO EDUCACIONAL JOAO PAULO II,Bragança,4.0,50,584.2,512.2,543.0,540.7,545.6,779.6,15539830
93,ESCOLA PITAGORAS,Barcarena,4.0,24,583.5,508.0,545.7,564.4,552.7,746.7,15172600
94,SISTEMA DE ENSINO ROSANA BASTOS,Belém,4.0,93,582.5,542.2,548.0,543.4,552.6,726.2,15174433
95,COLEGIO OSVALDO CRUZ,Tucuruí,4.0,23,582.1,507.4,552.4,558.6,536.6,755.7,15551377
96,GRUPO FUTURO EDUCACIONAL,Marabá,4.0,17,581.4,525.3,495.4,534.9,559.9,791.8,15181146
97,COLEGIO PAULISTA DE BELEM LTDA-EPP,Belém,4.0,30,580.8,555.8,557.3,545.1,568.6,677.3,15166260
98,SISTEMA DE ENSINO UNIVERSO,Belém,4.0,32,580.0,529.3,544.0,544.1,560.2,722.5,15563235
99,NUCLEO DE ENSINO PEQUENO PRINCIPE,Ananindeua,4.0,25,579.6,514.9,519.9,536.0,506.5,820.8,15114015
100,COLEGIO CASTRO ALVES,Tucuruí,4.0,24,579.6,521.6,521.1,539.2,581.2,735.0,15167461
101,ESCOLA DE ENSINO INFANTIL FUNDAMENTAL E MEDIO PRESIDENTE TANCREDO NEVES LTDA ME-ME,Redenção,4.0,17,579.2,510.9,546.5,551.6,547.1,740.0,15584801
102,PHYSICS COLEGIO E CURSO,Belém,4.0,51,579.2,528.9,536.3,541.2,553.7,735.7,15174514
103,COLEGIO LA SALLE ANANIDEUA,Ananindeua,4.0,14,578.8,529.4,520.3,530.1,562.8,751.4,15173330
104,COLEGIO MAANAIM,Castanhal,4.0,20,578.6,518.6,524.1,539.8,542.5,768.0,15562000
105,CENTRO EDUCACIONAL MOSAICO,Belém,4.0,19,578.6,518.2,548.7,540.9,522.2,763.2,15159841
106,PHYSICS COLEGIO E CURSO,Ananindeua,4.0,80,578.4,522.1,537.6,540.9,567.1,724.5,15163849
107,COLEGIO BETHEL 1,Parauapebas,4.0,25,577.5,534.4,550.2,546.3,552.6,704.0,15223027
108,RB EDUCACIONAL PEDRO MIRANDA,Belém,4.0,47,577.5,533.6,546.8,552.7,546.9,707.2,15180999
109,SISTEMA EDUCACIONAL CRISTAO SEMEAR,Ananindeua,4.0,20,577.5,527.0,548.8,514.9,559.7,737.0,15164543
110,COLEGIO ALICERCE,Parauapebas,4.0,65,577.4,531.9,533.9,547.7,569.9,703.4,15173135
111,INSTITUTO ADVENTISTA GRAO PARA,Belém,4.0,80,576.5,526.2,535.0,541.1,543.8,736.5,15041670
112,SISTEMA DE ENSINO VESTIBULANDO,Abaetetuba,4.0,18,575.6,539.5,530.4,543.8,527.4,736.7,15587983
113,COLEGIO CONEXAO,Santa Izabel do Pará,4.0,31,575.5,495.5,543.1,541.6,552.0,745.2,15586758
114,COLEGIO PROFESSORA MARIA GORETTI SS LTDA,Capanema,4.0,11,574.9,477.2,562.6,555.7,528.1,750.9,15577856
115,CENTRO EDUCACIONAL IKETANI E LIBONATI,Belém,4.0,35,574.7,506.0,547.6,535.7,554.3,729.7,15167259
116,SISTEMA INTEGRADO DE ENSINO LIMA PINHEIRO,Ananindeua,4.0,15,574.2,533.7,561.1,563.8,534.8,677.3,15096009
117,COLEGIO REDENTOR DE ENSINO MEDIO ENSINO FUNDAMENTAL I E II E EDUCACAO INFANTIL,Novo Progresso,4.0,17,573.6,510.1,530.3,557.1,569.4,701.2,15159310
118,ESCOLA SESI ANANINDEUA,Ananindeua,4.0,65,573.4,511.7,530.1,533.9,558.1,733.2,15169928
119,COLEGIO SOPHOS DE PARAGOMINAS,Paragominas,4.0,27,572.7,509.0,530.5,547.8,568.2,708.1,15230023
120,COLEGIO DE ENSINO ICOARACIENSE - CEI,Belém,4.0,120,572.4,528.2,539.6,544.3,523.4,726.5,15577708
121,COLEGIO SOMATORIO LTDA ME,Belém,4.0,31,571.5,528.1,538.0,522.4,516.1,752.9,15164519
122,NUCLEO EDUCACIONAL CRIATIVO,Barcarena,4.0,18,571.4,521.7,552.8,551.9,530.6,700.0,15161625
123,E PART E I F M DISNEYLANDIA,Marabá,4.0,17,571.2,501.0,531.7,549.1,515.2,758.8,15127567
124,IFPA - CAMPUS PARAUAPEBAS,Parauapebas,1.0,103,571.0,516.2,544.9,552.1,562.0,679.8,15166538
125,CENTRO DE ENSINO EXITUS,Igarapé-Açu,4.0,17,570.8,495.1,527.6,551.9,501.6,777.6,15176142
126,COLEGIO PREMIUM AUGUSTO MONTENEGRO,Belém,4.0,46,570.8,523.4,552.8,549.6,525.8,702.6,15175065
127,SISTEMA DE ENSINO AUTHENTICO,Belém,4.0,21,570.1,535.3,533.8,524.7,514.7,741.9,15171523
128,FEDERAL SISTEMA DE ENSINO,Belém,4.0,110,569.9,513.5,527.2,530.3,514.1,764.4,15170667
129,ESCOLA MADRE ZARIFE SALES,Belém,4.0,25,569.8,525.1,532.1,533.8,551.7,706.4,15150542
130,E P E I F M D PEDRO II,Xinguara,4.0,11,569.8,540.0,550.1,551.3,578.5,629.1,15134504
131,COLEGIO EXATO,Belém,4.0,33,568.6,506.7,523.1,526.7,538.6,747.9,15180310
132,INSTITUTO VICENTINO CATARINA LABOURE,Belém,4.0,43,566.6,518.3,554.3,535.9,547.0,677.7,15149536
133,COLEGIO ADVENTISTA DA CIDADE NOVA,Ananindeua,4.0,44,566.2,509.2,528.4,540.2,549.7,703.6,15152219
134,CENTRO EDUCACIONAL MARANATA,Tailândia,4.0,23,566.1,500.8,538.1,543.6,553.2,694.8,15584070
135,EDUCANDARIO NOSSA SENHORA DAS NEVES,Vigia,4.0,25,564.3,520.2,518.3,561.8,563.5,657.6,15562077
136,ESCOLA ESTADUAL DIOCESANA SAO FRANCISCO,Santarém,2.0,240,564.0,500.2,526.0,537.7,537.6,718.8,15015270
137,SISTEMA DE ENSINO UNIVERSO BARCARENA,Barcarena,4.0,48,563.3,518.5,530.1,548.4,528.9,690.4,15175316
138,COLEGIO PROFESSOR AFONSO,Tucumã,4.0,19,561.4,500.4,517.8,543.5,580.0,665.3,15568830
139,AXIOMA COLEGIO E PRE VESTIBULAR LTDA,Belém,4.0,12,561.4,486.0,500.3,519.5,552.9,748.3,15180611
140,COLEGIO DE E I E F M DIMENSAO,Capanema,4.0,38,560.1,511.9,509.2,542.5,524.0,712.6,15565572
141,COLEGIO DOM BOSCO,Canaã dos Carajás,4.0,31,558.2,492.4,510.4,531.0,555.3,701.9,15174980
142,COLEGIO OLIMPUS,Belém,4.0,51,557.5,518.6,538.8,530.1,524.5,675.7,15174077
143,IFPA - CAMPUS SANTAREM,Santarém,1.0,123,557.3,514.7,528.7,538.8,528.4,675.8,15138984
144,IFPA - CAMPUS ANANINDEUA,Ananindeua,1.0,60,556.4,525.3,520.6,538.0,516.4,681.7,15166716
145,COLEGIO ADVENTISTA DE ALTAMIRA,Altamira,4.0,31,556.2,497.3,514.4,545.9,549.0,674.2,15141179
146,UNIAO AMAZONIDA DE EDUCACAO E ASSISTENCIA - UNAMEA,Belém,4.0,12,556.1,493.2,537.8,532.1,505.6,711.7,15038432
147,ESCOLA DE APLICACAO DA UFPA,Belém,1.0,105,554.3,521.4,517.3,514.6,543.8,674.3,15038688
148,CENTRO EDUCACIONAL RUI BARBOSA,Mãe do Rio,4.0,25,553.9,495.3,500.4,531.4,500.0,742.4,15541843
149,CENTRO EDUCACIONAL INTERATIVO LTDA,Belém,4.0,52,553.9,506.8,525.4,510.5,507.3,719.6,15563715
150,SISTEMA DE ENSINO INOVE,Abaetetuba,4.0,26,553.5,495.0,496.0,530.2,507.9,738.5,15161366
151,COLEGIO APROVADOS,Oriximiná,4.0,23,553.2,510.1,543.0,556.6,504.9,651.3,15168581
152,IFPA - CAMPUS BELEM,Belém,1.0,340,552.6,517.6,532.8,529.2,527.9,655.4,15588947
153,CENTRO DE ESTUDOS DA AMAZONIA,Belém,4.0,10,552.2,535.4,538.5,527.2,521.8,638.0,15185001
154,COLEGIO CIEC,Ananindeua,4.0,11,552.2,516.4,530.9,520.7,500.1,692.7,15158969
155,NUCLEO DE ENSINO PROFISSIONAL DA AMAZONIA LTDA,Barcarena,4.0,20,552.1,517.2,502.8,533.4,504.1,703.0,15172732
156,SISTEMA DE ENSINO AMAZONIA,Ananindeua,4.0,27,551.5,503.2,527.5,531.2,516.9,678.5,15140725
157,COLEGIO IMPACTO,Ananindeua,4.0,57,551.4,513.8,532.7,530.9,516.6,662.8,15570479
158,IFPA - CAMPUS ALTAMIRA,Altamira,1.0,76,551.2,526.1,521.9,547.3,525.5,635.3,15200205
159,CENTRO EDUCACIONAL O MUNDO DA CRIANCA,Belém,4.0,34,550.0,512.0,522.3,523.8,532.4,659.4,15175014
160,ESCOLA ESTADUAL SAO RAIMUNDO NONATO,Santarém,2.0,217,549.8,493.5,517.9,537.3,525.8,674.4,15011275
161,CENTRO EDUCACIONAL SEMENTE DO SABER,Castanhal,4.0,11,549.1,506.0,535.1,550.8,510.1,643.6,15588297
162,IFPA - CAMPUS TUCURUI,Tucuruí,1.0,157,548.9,501.1,515.0,532.8,526.0,669.7,15548287
163,ESCOLA ESTADUAL ISAAC NEWTON,Itaituba,2.0,54,548.2,491.1,509.0,526.0,516.4,698.5,15550044
164,COLEGIO AUTENTICO,Santo Antônio do Tauá,4.0,27,547.9,501.7,521.5,530.1,517.3,668.9,15096734
165,CENTRO EDUCACIONAL DE E F M MUNDO INTELECTO,Belém,4.0,31,547.3,515.8,508.9,498.4,517.8,695.5,15159329
166,CENTRO EDUC NSRA DE FATIMA,Ananindeua,4.0,23,546.1,505.7,528.9,525.3,513.8,656.5,15523403
167,IFPA - CAMPUS CAMETA,Cametá,1.0,80,545.8,496.1,515.0,530.3,486.2,701.5,15167100
168,COLEGIO SISTEMA SOCIEDADE CIVIL LTDA,Ananindeua,4.0,44,545.4,508.3,527.4,515.1,514.9,661.4,15567648
169,IFPA - CAMPUS MARABA INDUSTRIAL,Marabá,1.0,103,542.5,502.7,513.0,538.8,510.4,647.8,15548317
170,SISTEMA DE ENSINO EVOLUCAO,Bragança,4.0,18,542.4,504.7,530.5,505.3,502.7,668.9,15169774
171,ESCOLA DE EDUCACAO BASICA E PROFISSIONAL MINISTRO JARBAS GONCALVES PASSARINHO,Conceição do Araguaia,4.0,57,542.3,486.5,497.8,517.0,526.2,683.9,15134539
172,ESCOLA DE EDUCACAO BASICA ZAIRA MACIEL,Capanema,4.0,46,541.7,491.4,498.2,537.0,492.1,689.6,15565653
173,IFPA - CAMPUS PARAGOMINAS,Paragominas,1.0,175,541.6,489.0,515.0,528.2,515.3,660.7,15167062
174,COLEGIO ULBRA CRISTO SALVADOR,Santarém,4.0,11,540.5,512.6,495.1,533.1,483.6,678.2,15011020
175,ESCOLA MADRE CELESTE,Ananindeua,4.0,44,540.0,494.0,504.6,507.1,518.7,675.9,15563448
176,OLIMPUS CENTRO DE ESTUDOS E FORMACAO,Novo Repartimento,4.0,38,538.1,475.2,484.2,519.8,521.3,690.0,15159060
177,ESCOLA ESTADUAL BENJAMIN CONSTANT,Belém,2.0,35,536.2,503.0,510.5,509.5,494.2,664.0,15039609
178,COLEGIO HIPER IDEAL DE EDUCACAO BASICA,Novo Progresso,4.0,15,535.0,509.0,502.4,529.3,526.3,608.0,15569179
179,ESCOLA ESTADUAL SAO FRANCISCO XAVIER,Abaetetuba,2.0,275,534.9,493.8,491.1,519.0,488.8,681.7,15064280
180,ESCOLA ESTADUAL RUI BARBOSA,Tucuruí,2.0,73,534.9,489.3,508.0,522.2,512.7,641.9,15551423
181,COLEGIO IMPACTO SENADOR LEMOS,Belém,4.0,41,534.9,513.4,504.7,509.5,498.1,648.8,15181197
182,ESCOLA ESTADUAL RIO TOCANTINS,Marabá,2.0,132,534.5,472.8,491.9,519.6,521.8,666.4,15547191
183,COLEGIO EXATO,Santana do Araguaia,4.0,15,534.0,501.6,502.1,523.7,514.6,628.0,15585131
184,ESCOLA ESTADUAL MARIA BENTA OLIVEIRA DE SOUSA,Redenção,2.0,103,533.8,482.5,503.4,523.7,504.9,654.6,15586421
185,ESCOLA ESTADUAL PROFA ALBANIZIA DE OLIVEIRA LIMA,Belém,2.0,295,533.6,498.3,508.2,511.4,502.4,647.9,15562220
186,CENTRO DE ESTUDOS NOVO HORIZONTE,Belém,4.0,22,533.4,464.1,467.5,495.6,506.9,732.7,15516423
187,ELITE EDUCAR,Belém,4.0,10,533.2,510.1,506.1,524.5,501.2,624.0,15173402
188,COLEGIO IMPACTO DE PARAGOMINAS,Paragominas,4.0,10,533.1,490.9,491.5,521.7,491.1,670.0,15118967
189,ESCOLA ESTADUAL PROF ANISIO TEIXEIRA,Marabá,2.0,257,532.4,479.8,492.5,510.1,493.8,686.0,15127311
190,IFPA - CAMPUS BREVES,Breves,1.0,124,531.8,496.8,502.2,524.6,488.5,646.8,15157431
191,INSTITUTO DE EDUCACAO INTEGRADA ALBERT EINSTEIN - MARITUBA,Marituba,4.0,16,530.5,479.4,502.3,509.8,503.4,657.5,15165809
192,ESCOLA ESTADUAL VISCONDE DE SOUZA FRANCO,Belém,2.0,83,529.9,483.2,507.7,503.8,485.7,669.4,15038700
193,CENTRO DE ESTUDOS ANTENOR REIS,Ananindeua,4.0,13,529.7,503.8,488.9,478.6,501.9,675.4,15208400
194,IFPA - CAMPUS CASTANHAL,Castanhal,1.0,118,529.6,502.6,511.6,530.1,493.1,610.8,15045374
195,COLEGIO IMPACTO,Belém,4.0,26,529.3,499.7,514.6,528.2,464.6,639.2,15586715
196,ESCOLA ESTADUAL GEN EUCLYDES FIGUEIREDO,Parauapebas,2.0,149,529.2,496.4,509.6,536.6,505.7,597.7,15125440
197,CENTRO DE ESTUDOS IMPACTO,Belém,4.0,36,528.9,509.4,524.0,515.5,495.0,600.6,15531350
198,ESCOLA SESI BELEM,Belém,4.0,62,528.1,509.4,504.1,514.2,516.9,595.8,15108023
199,IFPA - CAMPUS ABAETETUBA,Abaetetuba,1.0,125,526.0,493.5,501.7,521.0,492.4,621.4,15587908
200,IFPA - CAMPUS MARABA RURAL,Marabá,1.0,34,525.4,503.9,514.7,512.8,536.3,559.4,15223051
201,ESCOLA ESTADUAL CENTRO EDUCACIONAL ANCHIETA,Itaituba,2.0,40,525.2,488.9,489.9,508.1,516.3,623.0,15581039
202,ESCOLA ESTADUAL PROF DEOCLECIANO ALVES MOREIRA,Conceição do Araguaia,2.0,66,524.3,483.3,493.2,507.7,497.8,639.4,15140760
203,ESCOLA ESTADUAL PE VITALIANO MARIA VARI,Capitão Poço,2.0,60,523.2,487.2,504.8,524.6,497.9,601.7,15088383
204,COLEGIO IMPACTO- MANGUEIRAO,Belém,4.0,79,521.8,496.6,489.5,513.6,484.1,625.3,15225020
205,ESCOLA ESTADUAL PROF LUIS MAGNO ARAUJO,Parauapebas,2.0,49,521.7,489.1,491.7,518.4,503.1,606.1,15165957
206,ESCOLA ESTADUAL JOSE VERISSIMO,Belém,2.0,42,520.3,480.5,467.1,513.7,518.3,621.9,15040054
207,COLEGIO IMPACTO DE ICOARACI,Belém,4.0,26,519.3,502.6,511.6,523.3,494.4,564.6,15155005
208,E E I E F E MEDIO ARTE DE EDUCAR DE JACUNDA,Jacundá,4.0,34,519.0,487.4,500.7,502.2,480.2,624.7,15560929
209,IFPA - CAMPUS ITAITUBA,Itaituba,1.0,73,518.8,493.6,504.5,511.3,489.7,594.8,15157440
210,ESCOLA ESTADUAL STELLA MARIS,Soure,2.0,101,518.6,486.7,484.0,502.7,481.4,638.4,15033813
211,ESCOLA ESTADUAL DUQUE DE CAXIAS,Belém,2.0,21,518.3,485.4,511.9,499.0,509.6,585.7,15039935
212,EEIEFM COLEGIO INOVAR DE JACUNDA,Jacundá,4.0,15,515.5,478.4,482.2,508.6,468.3,640.0,15572900
213,IFPA - CAMPUS OBIDOS,Óbidos,1.0,125,515.2,491.5,503.4,509.4,478.4,593.1,15165574
214,ESCOLA ESTADUAL PEDRO AMAZONAS PEDROSO,Belém,2.0,273,515.2,482.5,486.5,502.6,483.3,621.0,15038378
215,ESCOLA ESTADUAL ABRAAO SIMAO JATENE,Cametá,2.0,52,514.8,475.5,509.4,484.9,489.6,614.6,15213803
216,IFPA - CAMPUS BRAGANCA,Bragança,1.0,147,514.6,481.8,491.1,515.6,477.7,606.5,15118100
217,ESCOLA ESTADUAL DR ULYSSES GUIMARAES,Belém,2.0,120,513.8,483.3,502.5,513.3,477.5,592.5,15040380
218,ESCOLA ESTADUAL PADRE LUIZ GONZAGA,Bragança,2.0,58,512.6,478.1,492.5,499.6,497.8,595.2,15057305
219,ESCOLA ESTADUAL O PEQUENO PRINCIPE,Marabá,2.0,155,512.6,469.1,490.1,514.4,474.0,615.6,15127079
220,E E E TECNOLOGICA DO ESTADO DO PARA - EETEPA SALVATERRA,Salvaterra,2.0,113,512.5,470.4,492.0,510.5,485.9,603.5,15585972
221,IFPA - CAMPUS CONCEICAO DO ARAGUAIA,Conceição do Araguaia,1.0,62,512.2,474.7,471.7,493.8,484.5,636.1,15121020
222,CENTRO DE EDUCACAO E QUALIFICACAO PROFISSIONAL POTENCIA MASTER,Castanhal,4.0,27,511.9,513.5,516.9,529.0,481.6,518.5,15168735
223,ESCOLA ESTADUAL PREFEITO CARIM MELEM,Monte Alegre,2.0,98,511.6,471.0,487.7,510.1,490.7,598.6,15007324
224,EETEPA SANTAREM,Santarém,2.0,98,511.6,474.4,492.8,515.1,470.4,605.3,15168964
225,ESCOLA ESTADUAL SAO JOSE,Santarém,2.0,84,511.5,484.1,494.2,507.0,474.9,597.4,15011259
226,INSTITUTO 15 DE AGOSTO SS LTDA,Belém,4.0,14,511.0,498.1,493.9,528.2,489.0,545.7,15041930
227,ESCOLA ESTADUAL PROFA DEUZUITA PEREIRA DE QUEIROZ,Redenção,2.0,52,510.9,476.4,469.8,502.8,494.6,610.8,15131122
228,EE DE ENSINO TECNICO DE NIVEL MEDIO DR CELSO MALCHER,Belém,2.0,144,510.1,478.8,483.3,499.4,488.9,600.3,15540405
229,ESCOLA ESTADUAL RODRIGUES DOS SANTOS,Santarém,2.0,158,510.1,476.9,485.4,505.1,466.8,616.6,15011739
230,ESCOLA ESTADUAL ALVARO ADOLFO DA SILVEIRA,Santarém,2.0,351,509.9,476.7,491.8,510.0,478.4,592.7,15011372
231,ESCOLA ESTADUAL MARIO BRASIL,Garrafão do Norte,2.0,60,509.7,477.8,484.2,511.1,485.9,589.3,15089428
232,ESCOLA ESTADUAL DR GASPAR VIANNA,Marabá,2.0,28,509.3,465.2,485.1,512.7,476.9,606.4,15127370
233,EETEPA JORDAME CORREA QUEIROZ FILHO - XINGUARA,Xinguara,2.0,94,509.3,492.1,483.1,509.9,494.3,567.0,15175952
234,ESCOLA ESTADUAL PEDRO RIBEIRO MOTA,Xinguara,2.0,35,509.3,480.2,490.6,506.4,471.4,597.7,15133702
235,ESCOLA ESTADUAL CENTRO DE EDUCACAO PROFISSIONAL DOM ARISTIDES PIROVANO,Marituba,2.0,89,509.1,485.6,487.3,504.7,485.8,582.0,15160815
236,ESCOLA ESTADUAL PROFA MARIA UCHOA MARTINS,Santarém,2.0,55,509.0,473.0,495.4,510.5,515.7,550.2,15011704
237,ESCOLA ESTADUAL NOSSA SENHORA DE GUADALUPE,Santarém,2.0,39,508.9,469.6,493.8,508.3,476.0,596.9,15011410
238,ESCOLA ESTADUAL MINISTRO ALCIDES CARNEIRO,Ananindeua,2.0,59,508.9,477.7,475.0,495.2,481.9,614.6,15034186
239,ESCOLA ESTADUAL MADRE CELESTE,Ananindeua,2.0,82,508.3,475.4,483.1,493.0,493.3,596.8,15034399
240,ESCOLA ESTADUAL LAURO SODRE,Belém,2.0,71,508.0,488.6,486.4,503.7,470.3,591.3,15039650
241,ESCOLA ESTADUAL INSTITUTO BOM PASTOR,Ananindeua,2.0,135,507.5,487.6,486.4,495.5,508.1,559.9,15035581
242,ESCOLA ESTADUAL ONEIDE DE SOUZA TAVARES,Ananindeua,2.0,45,507.0,499.0,492.6,518.8,471.6,552.9,15034364
243,ESCOLA ESTADUAL PROF CESAR PINHEIRO,Capanema,2.0,30,506.5,465.4,497.7,512.0,467.5,590.0,15060306
244,ESCOLA ESTADUAL SANTA TEREZA DAVILA,Marituba,2.0,114,506.2,463.2,473.0,493.9,480.6,620.0,15043630
245,ESCOLA ESTADUAL DR OTAVIO MEIRA,Benevides,2.0,150,506.0,461.3,492.7,496.1,483.9,596.1,15043789
246,ESCOLA ESTADUAL DES AUGUSTO OLIMPIO,Nova Timboteua,2.0,70,505.9,483.6,481.8,502.3,499.0,562.9,15061310
247,CENTRO EDUCACIONAL VITORIA,Belém,4.0,11,505.4,488.6,478.0,509.8,481.4,569.1,15149005
248,ESCOLA ESTADUAL PROF CLOTILDE PEREIRA,Castanhal,2.0,155,505.2,474.3,490.1,510.3,472.0,579.4,15045498
249,ESCOLA ESTADUAL PROFA RUTH DOS SANTOS ALMEIDA,Belém,2.0,77,505.0,483.5,490.4,507.3,486.5,557.4,15535347
250,EETEPA-BELEM,Belém,2.0,105,504.6,481.8,486.9,502.2,457.0,595.2,15098150
251,ESCOLA ESTADUAL PLACIDO DE CASTRO,Santarém,2.0,16,504.3,462.1,491.0,505.8,475.2,587.5,15011674
252,ESCOLA ESTADUAL DR DIONISIO BENTES DE CARVALHO,Rondon do Pará,2.0,162,504.3,479.0,493.6,505.8,491.6,551.5,15119777
253,ESCOLA ESTADUAL NILO DE OLIVEIRA,Igarapé-Açu,2.0,45,504.2,470.7,491.6,506.7,487.3,564.9,15060730
254,ESCOLA ESTADUAL SANTO AGOSTINHO,Breves,2.0,128,504.2,458.9,487.3,502.5,465.7,606.6,15097846
255,ESCOLA ESTADUAL THIAGO GONCALVES DE SOUZA,Tucumã,2.0,29,504.1,475.6,491.5,514.1,498.1,541.4,15167160
256,ESCOLA TECNICA ESTADUAL VILHENA ALVES,Belém,2.0,202,503.9,485.7,484.1,493.0,475.7,581.2,15040267
257,ESCOLA ESTADUAL PROF ELZA DE OLIVEIRA MAIA,Santa Izabel do Pará,2.0,27,503.3,470.4,478.8,502.6,472.9,591.9,15175413
258,ESCOLA ESTADUAL PROFA DUCILLA ALMEIDA DO NASCIMENTO,Altamira,2.0,150,503.1,466.7,487.2,508.8,463.7,589.3,15583058
259,EEETMA SAO LUCAS,Castanhal,2.0,90,502.8,491.0,506.4,525.2,483.2,508.2,15168689
260,ESCOLA ESTADUAL JOAO GABRIEL DA SILVA,Santa Maria do Pará,2.0,63,501.3,472.5,483.6,492.6,467.2,590.5,15062856
261,ESCOLA ESTADUAL POLIVALENTE,Altamira,2.0,243,501.1,478.8,485.5,511.1,480.4,549.9,15104907
262,ESCOLA ESTADUAL AGROINDUSTRIAL JUSCELINO KUBITSCHEK DE OLIVEIRA,Marituba,2.0,179,500.7,469.6,481.1,496.6,477.8,578.2,15043690
263,ESCOLA ESTADUAL FULGENCIO SIMOES,Alenquer,2.0,18,500.2,473.4,512.4,510.2,466.4,538.9,15005151
264,ESCOLA ESTADUAL DEPUTADO EVERALDO MARTINS,Trairão,2.0,24,500.2,468.9,482.3,477.1,470.8,601.7,15101681
265,ESCOLA ESTADUAL LUIZ PAULINO MARTIRES,Bragança,2.0,107,499.9,462.7,478.3,502.7,475.8,579.8,15056783
266,ESCOLA ESTADUAL PAULO FREIRE,Parauapebas,2.0,14,499.8,464.0,440.4,472.7,516.3,605.7,15166694
267,ESCOLA ESTADUAL UMARIZAL,Cachoeira do Arari,2.0,15,499.7,476.4,480.6,491.9,442.7,606.7,15028577
268,ESCOLA ESTADUAL PADRE SALVADOR TRACCAIOLLI,Castanhal,2.0,95,499.5,469.3,493.7,507.3,476.2,550.9,15045471
269,ESCOLA ESTADUAL PROF GERALDO ANGELO PEREIRA,Tucumã,2.0,55,499.1,468.1,488.0,501.6,460.0,577.8,15140776
270,ESCOLA ESTADUAL DOM JOAO VI,Capanema,2.0,105,499.0,466.4,472.3,504.9,474.7,576.8,15059634
271,ESCOLA ESTADUAL CRISTO TRABALHADOR,Abaetetuba,2.0,195,498.9,469.3,475.7,495.6,464.5,589.2,15096700
272,ESCOLA ESTADUAL PROFA MARIETA EMMI,Santa Izabel do Pará,2.0,84,498.6,474.1,482.5,499.2,444.0,593.6,15561836
273,ESCOLA ESTADUAL PRESIDENTE CASTELO BRANCO,Paragominas,2.0,89,498.3,475.4,482.8,503.9,474.5,554.8,15118991
274,ESCOLA ESTADUAL JANELAS PARA O MUNDO,Parauapebas,2.0,140,498.3,474.4,483.9,514.1,472.4,546.9,15167453
275,ESCOLA ESTADUAL PRESIDENTE DUTRA,Barcarena,2.0,98,498.2,480.8,493.5,499.8,461.1,555.7,15037070
276,INSTITUTO DE EDUCACAO DO ESTADO DO PARA,Belém,2.0,137,497.7,468.2,474.0,499.0,462.0,585.1,15041794
277,ESCOLA ESTADUAL WALKISE DA SILVEIRA VIANNA,Marabá,2.0,152,497.7,465.6,474.2,498.3,457.1,593.6,15147223
278,ESCOLA ESTADUAL PROF NELSON DOS PRAZERES HENRIQUE,Canaã dos Carajás,2.0,150,497.6,473.1,486.9,508.2,479.2,540.4,15125424
279,ESCOLA ESTADUAL JONATHAS PONTES ATHIAS,Peixe-Boi,2.0,37,497.2,466.5,481.3,497.7,459.3,581.1,15061876
280,ESCOLA ESTADUAL MANOEL ANTONIO DE CASTRO,Igarapé-Miri,2.0,158,497.2,452.3,483.9,495.4,478.2,576.2,15572226
281,ESCOLA ESTADUAL FARUK SALMEN,Parauapebas,2.0,29,497.0,464.1,489.8,505.9,462.7,562.8,15167747
282,ESCOLA ESTADUAL PROFA MARLUCE MASSARIOL DE SOUZA,Parauapebas,2.0,22,496.9,451.0,477.9,510.6,472.3,572.7,15584046
283,ESCOLA ESTADUAL LUIZ NUNES DIREITO,Ananindeua,2.0,197,496.5,479.6,479.7,490.3,471.2,561.6,15034640
284,ESCOLA ESTADUAL LAMEIRA BITTENCOURT,Castanhal,2.0,110,496.5,462.1,479.8,501.3,458.8,580.4,15045650
285,ESCOLA ESTADUAL PROF BENVINDA DE ARAUJO PONTES,Abaetetuba,2.0,50,496.5,465.6,484.9,500.5,456.7,574.8,15555186
286,ESCOLA ESTADUAL PROFA MARIA AMELIA DE VASCONCELOS,Capanema,2.0,74,496.5,453.6,493.1,502.3,455.1,578.6,15059588
287,ESCOLA ESTADUAL ANTONIO LEMOS,Santa Izabel do Pará,2.0,150,496.0,457.4,480.4,497.9,470.1,574.0,15047040
288,ESCOLA ESTADUAL CONEGO BATISTA CAMPOS,Barcarena,2.0,151,495.7,467.2,486.2,502.1,464.4,558.4,15035867
289,EETEPA - ITAITUBA,Itaituba,2.0,143,495.6,452.5,465.5,483.9,449.7,626.2,15587894
290,ESCOLA ESTADUAL CONEGO LEITAO,Castanhal,2.0,203,495.2,478.2,484.8,511.0,473.5,528.5,15045560
291,ESCOLA ESTADUAL MARIA IRANY RODRIGUES DA SILVA,Nova Ipixuna,2.0,58,495.2,468.7,482.5,495.7,472.3,556.9,15579581
292,ESCOLA ESTADUAL GOV EURICO VALE,Rurópolis,2.0,112,495.1,474.9,488.1,501.0,484.9,526.4,15102696
293,ESCOLA ESTADUAL PITAGORAS,Ananindeua,2.0,90,494.9,468.9,481.7,477.2,474.3,572.7,15520560
294,ESCOLA ESTADUAL JARBAS PASSARINHO,Belém,2.0,60,494.5,464.4,487.0,495.9,457.0,568.3,15040011
295,ESCOLA ESTADUAL ELCIONE THEREZINHA ZAHLUTH BARBALHO,Castanhal,2.0,61,494.5,479.4,475.4,497.3,457.3,563.0,15045668
296,ESCOLA ESTADUAL EROTILDES FROTA AGUIAR,Ananindeua,2.0,107,494.3,472.7,471.6,483.0,473.6,570.7,15034780
297,ESCOLA ESTADUAL PLINIO PINHEIRO,Marabá,2.0,82,494.3,456.6,484.5,499.3,480.3,550.7,15127729
298,ESCOLA ESTADUAL DOM PEDRO II,Belém,2.0,32,493.9,455.2,475.4,490.8,487.5,560.6,15039714
299,ESCOLA ESTADUAL MARIA DAS MERCES DE OLIVEIRA CONOR,Castanhal,2.0,37,493.8,457.4,464.0,493.9,474.5,578.9,15561429
300,ESCOLA ESTADUAL PRESIDENTE COSTA E SILVA,Belém,2.0,29,493.8,476.6,483.4,477.1,451.3,580.7,15040461
301,ESCOLA ESTADUAL PROF RAIMUNDO LAUREANO DA SILVA SOUZA,Paragominas,2.0,117,493.7,479.8,494.0,507.0,457.8,529.9,15212602
302,ESCOLA ESTADUAL PROF TEMISTOCLES DE ARAUJO,Belém,2.0,32,493.7,470.9,481.4,489.1,462.9,564.4,15040526
303,ESCOLA ESTADUAL WALDEMAR LINDERMAYER,Novo Progresso,2.0,93,493.3,475.9,492.2,500.6,456.0,541.7,15140741
304,ESCOLA ESTADUAL GOV FERNANDO GUILHON,Mojuí dos Campos,2.0,67,492.9,481.0,473.7,484.0,458.5,567.2,15016668
305,E E E T PROF ANISIO TEIXEIRA,Belém,2.0,269,492.9,465.9,473.0,487.9,462.3,575.7,15209008
306,ESCOLA ESTADUAL PADRE EURICO,Vitória do Xingu,2.0,77,492.8,468.5,476.2,494.9,455.7,568.8,15105016
307,EETEPA BREVES,Breves,2.0,62,492.6,462.0,480.5,496.5,441.2,582.9,15175650
308,ESCOLA ESTADUAL PROF JOSE AGOSTINHO GUERRA,Almeirim,2.0,52,492.5,476.9,478.4,497.7,457.7,551.9,15017621
309,ESCOLA ESTADUAL CORNELIO DE BARROS,Belém,2.0,64,492.2,469.4,471.5,483.2,462.0,574.7,15039625
310,ESCOLA ESTADUAL FREI MIGUEL DE BULHOES,São Miguel do Guamá,2.0,245,492.2,463.0,475.2,488.2,462.9,571.6,15095916
311,ESCOLA ESTADUAL RAMIRO OLAVO RIBEIRO DE CASTRO,Ananindeua,2.0,79,491.9,469.5,476.4,494.0,459.3,560.0,15034747
312,ESCOLA ESTADUAL IRMA DULCE,Parauapebas,2.0,219,491.7,473.0,482.6,500.8,471.1,530.8,15526240
313,ESCOLA ESTADUAL PROFA JUSSARA TEREZINHA,Itaituba,2.0,38,491.5,466.0,473.7,502.6,451.0,564.2,15175510
314,ESCOLA ESTADUAL OSVALDINA MUNIZ,Cametá,2.0,204,491.3,462.5,481.6,485.9,462.7,563.7,15068439
315,ESCOLA ESTADUAL FREI AMBROSIO,Santarém,2.0,122,491.1,457.8,477.5,500.1,473.6,546.6,15011577
316,ESCOLA ESTADUAL JOSE DE ALENCAR,Santarém,2.0,64,491.1,474.1,475.8,504.8,457.2,543.8,15011607
317,ANEXO EE PROFA MARIA ELIZETE FONA NUNES - AEROPORTO,Breves,2.0,39,491.0,477.4,484.5,509.0,436.2,547.7,15169049
318,ESCOLA ESTADUAL WALTER BEZERRA FALCAO,Ananindeua,2.0,84,490.9,473.9,472.3,491.7,466.1,550.5,15034909
319,ESCOLA ESTADUAL PROFA MARIA SOCORRO OLIVEIRA DA ROCHA,Ourém,2.0,120,490.9,462.4,472.6,487.9,466.4,565.3,15156672
320,ESCOLA ESTADUAL EDUARDO ANGELIM,Parauapebas,2.0,103,490.8,462.5,485.9,508.8,472.2,524.7,15125432
321,ESCOLA ESTADUAL DOM LUIZ DE MOURA PALHA,Xinguara,2.0,104,490.7,458.1,480.8,497.7,447.6,569.4,15141128
322,ESCOLA ESTADUAL PEDRO ALVARES CABRAL,Santarém,2.0,30,490.2,470.9,491.8,504.8,475.1,508.7,15011666
323,ESCOLA TECNICA ESTADUAL MAGALHAES BARATA,Belém,2.0,131,490.0,470.3,474.0,479.3,464.0,562.4,15041450
324,ESCOLA ESTADUAL LENILSON LUIZ MIRANDA,São Geraldo do Araguaia,2.0,45,489.9,465.1,478.2,503.0,432.4,570.7,15138763
325,ESCOLA ESTADUAL JOAO PRUDENCIO DE BRITO,Parauapebas,2.0,34,489.9,472.1,491.5,496.4,456.8,532.9,15212807
326,ESCOLA ESTADUAL CECILIA MEIRELES,Parauapebas,2.0,70,489.8,470.4,477.4,509.2,467.7,524.6,15125351
327,ESCOLA ESTADUAL CONSUELO COELHO E SOUZA,Ananindeua,2.0,77,489.8,466.7,483.4,494.5,462.5,542.1,15521117
328,ESCOLA ESTADUAL MAGALHAES BARATA,Santa Izabel do Pará,2.0,40,489.7,469.0,495.7,504.9,468.5,510.5,15047423
329,ESCOLA ESTADUAL RURAL DE AFUA,Afuá,2.0,10,489.7,447.7,506.8,488.9,461.0,544.0,15178200
330,ESCOLA ESTADUAL PADRE JOAO BOONEKAMP,Cametá,2.0,96,489.2,458.3,461.2,474.6,444.1,607.7,15218007
331,ESCOLA ESTADUAL PROF TEREZINHA BEZERRA SIQUEIRA,Capitão Poço,2.0,35,488.9,481.4,500.1,517.2,499.1,446.9,15088464
332,EEEM PROFA MARIA DE NAZARE GUIMARAES MACEDO,Curuçá,2.0,91,488.8,465.8,480.9,506.3,449.0,541.8,15168522
333,ESCOLA ESTADUAL WALDEMAR MAUES,Belterra,2.0,83,488.7,458.5,468.7,484.6,453.4,578.3,15015785
334,ESCOLA ESTADUAL DEODORO DE MENDONCA,Belém,2.0,105,488.6,465.7,482.9,487.0,445.1,562.5,15039641
335,COLEGIO SEBASTIAO SARAIVA,Dom Eliseu,4.0,25,488.5,471.3,474.3,508.7,458.5,529.6,15117014
336,ESCOLA ESTADUAL ENG PALMA MUNIZ,Redenção,2.0,78,488.5,452.3,473.7,493.7,462.7,560.3,15131130
337,ESCOLA ESTADUAL DR ROMILDO VELOSO E SILVA,Ourilândia do Norte,2.0,64,488.1,479.7,478.1,498.8,485.9,498.1,15120902
338,ESCOLA ESTADUAL PROF ZULIMA VERGOLINO DIAS,Ananindeua,2.0,50,487.9,476.5,482.2,495.8,456.0,528.8,15034836
339,ESCOLA ESTADUAL PROF BERNARDINO PEREIRA DE BARROS,Abaetetuba,2.0,108,487.3,462.4,476.4,493.2,467.9,536.7,15064360
340,ESCOLA ESTADUAL MANOEL EMILIO PANTOJA,Aurora do Pará,2.0,18,487.2,473.5,476.9,486.0,447.6,552.2,15087077
341,ESCOLA ESTADUAL LEOPOLDINA GUERREIRO,Afuá,2.0,85,487.1,457.6,463.2,494.9,456.6,563.1,15022617
342,ESCOLA ESTADUAL DR INACIO KOURY GABRIEL NETO,Castanhal,2.0,103,487.0,476.6,475.2,495.8,462.6,524.7,15578968
343,ESCOLA ESTADUAL JORNALISTA ROMULO MAIORANA,Ananindeua,2.0,204,486.8,464.4,472.7,481.9,461.4,553.8,15035662
344,ESCOLA ESTADUAL MADRE IMACULADA,Santarém,2.0,75,486.8,466.6,481.4,499.1,452.0,534.7,15011623
345,EETEPA MONTE ALEGRE,Monte Alegre,2.0,119,486.6,462.6,470.0,484.3,448.3,568.1,15587886
346,ESCOLA DE ENSINO TECNICO DO ESTADO DO PARA - EETEPA TAILANDIA,Tailândia,2.0,125,486.5,471.2,475.0,499.1,444.7,542.2,15587916
347,ESCOLA ESTADUAL RIO TAPAJOS,Santarém,2.0,87,486.4,464.5,476.0,493.0,456.5,541.8,15551890
348,ANEXO EE GOV EURICO VALE - DIVINOPOLIS,Rurópolis,2.0,22,485.6,484.6,492.3,494.0,468.7,488.2,15168700
349,ESCOLA ESTADUAL BENICIO LOPES,Castanhal,2.0,44,485.6,460.3,472.2,493.5,469.2,532.7,15045480
350,ESCOLA ESTADUAL MARIA DE NAZARE ASSAD ELIAS,Bonito,2.0,20,485.5,449.6,455.5,487.8,445.4,589.0,15157636
351,ESCOLA ESTADUAL EMANUEL SALGADO VIEIRA,Juruti,2.0,193,485.5,459.6,483.6,494.3,463.8,526.4,15000281
352,ESCOLA ESTADUAL DEPUTADO NICIAS RIBEIRO,Portel,2.0,184,485.4,458.7,467.6,494.0,451.9,554.5,15574865
353,ESCOLA ESTADUAL PROF YOLANDA CHAVES,Bragança,2.0,50,485.2,454.8,468.0,484.5,437.4,581.2,15057194
354,ESCOLA ESTADUAL PROFA IZABEL AMAZONAS,Ulianópolis,2.0,92,485.2,457.3,472.8,503.0,449.6,543.3,15571831
355,ESCOLA ESTADUAL MAL CORDEIRO DE FARIAS,Belém,2.0,21,485.2,464.0,478.6,489.7,454.6,539.0,15040429
356,ESCOLA ESTADUAL EMILIANO PICANCO DA COSTA,Augusto Corrêa,2.0,32,485.2,447.5,478.9,492.0,456.3,551.2,15055906
357,ESCOLA ESTADUAL ACY DE JESUS NEVES DE BARROS PEREIRA,Marabá,2.0,64,485.0,468.2,481.1,497.0,444.8,533.8,15127389
358,ESCOLA ESTADUAL PROFA MARIA DA CONCEICAO GOMES DE SOUZA,São Francisco do Pará,2.0,91,485.0,451.8,473.4,491.6,462.3,545.7,15063879
359,ESCOLA ESTADUAL JOAO XXIII,São Sebastião da Boa Vista,2.0,164,484.9,457.5,480.1,495.3,461.7,530.1,15027635
360,ESCOLA ESTADUAL PROF HILDEBERTO REIS,Aurora do Pará,2.0,72,484.5,455.1,470.6,481.2,444.2,571.4,15087042
361,ESCOLA ESTADUAL CEL SARMENTO,Belém,2.0,110,484.3,458.4,457.3,478.7,451.0,576.0,15042820
362,ESCOLA ESTADUAL MACARIO DANTAS,São Geraldo do Araguaia,2.0,56,484.2,471.4,486.0,501.1,464.7,497.9,15132412
363,ESCOLA ESTADUAL ANTONIO CANDIDO MACHADO,Terra Santa,2.0,118,484.1,458.9,460.7,484.1,455.3,561.4,15004783
364,ESCOLA ESTADUAL PROFA MARIA SYLVIA DOS SANTOS,Bom Jesus do Tocantins,2.0,67,484.0,457.0,485.3,502.9,453.4,521.5,15116395
365,ESCOLA ESTADUAL PROF TEREZINHA DE JESUS RODRIGUES,Santarém,2.0,62,483.9,455.0,464.1,484.8,464.0,551.9,15011534
366,ESCOLA ESTADUAL MARCILIO DIAS,Gurupá,2.0,121,483.8,446.0,471.6,475.9,448.4,577.2,15019403
367,ESCOLA ESTADUAL AMABILIO ALVES PEREIRA,Concórdia do Pará,2.0,159,483.7,458.5,471.6,487.5,444.5,556.5,15081044
368,ESCOLA ESTADUAL ALEXANDRE ZACARIAS DE ASSUNCAO,Belém,2.0,201,483.5,460.0,481.5,485.2,462.9,528.1,15039480
369,ANEXO EE JONATHAS PONTES ATHIAS - TAUARIZINHO,Peixe-Boi,2.0,11,483.2,451.0,477.2,486.9,459.0,541.8,15170390
370,ESCOLA ESTADUAL DR FABIO LUZ,Tomé-Açu,2.0,182,483.2,458.7,473.4,489.1,446.4,548.2,15085520
371,INSTITUTO ADVENTISTA TRANSAMAZONICO AGROINDUSTRIAL-IATAI,Uruará,4.0,23,483.1,476.0,454.1,500.2,446.9,538.3,15586308
372,ESCOLA ESTADUAL DEP RAIMUNDO RIBEIRO DE SOUZA,Tucuruí,2.0,246,482.8,459.7,470.6,492.3,447.9,543.6,15115704
373,EETEPA-ESCOLA ESTADUAL DE EDUCACAO TECNOLOGICA DO PARA- PARAGOMINAS,Paragominas,2.0,94,482.5,459.8,474.7,495.8,454.2,527.9,15582949
374,ESCOLA ESTADUAL CELSO RODRIGUES,Santo Antônio do Tauá,2.0,28,482.4,452.5,471.5,477.1,438.7,572.1,15578011
375,COLEGIO ESTADUAL PAES DE CARVALHO,Belém,2.0,401,482.1,463.9,470.5,483.0,455.5,537.7,15040364
376,ESCOLA ESTADUAL TECNOLOGICA DE VIGIA DE NAZARE,Vigia,2.0,108,481.8,464.3,466.0,493.6,458.4,526.5,15165990
377,ESCOLA ESTADUAL PROF FRANCISCO DA SILVA NUNES,Belém,2.0,111,481.7,470.5,472.7,477.0,465.0,523.4,15037215
378,ESCOLA ESTADUAL PROF ANNA ROSA MORAES MACIEL,Tomé-Açu,2.0,53,481.6,453.7,483.1,485.9,443.6,541.9,15177157
379,ESCOLA ESTADUAL CONEGO CALADO,Igarapé-Açu,2.0,155,481.6,458.7,465.4,484.2,445.4,554.6,15060659
380,ESCOLA ESTADUAL RODRIGUES PINAGE,Belém,2.0,27,481.4,462.7,475.1,475.8,437.9,555.6,15040534
381,ESCOLA ESTADUAL CONEGO BATISTA CAMPOS,Belém,2.0,13,480.6,440.3,465.1,490.8,469.7,536.9,15037991
382,ESCOLA ESTADUAL 21 DE ABRIL,Palestina do Pará,2.0,15,480.6,455.6,478.2,489.6,435.8,544.0,15129578
383,ESCOLA ESTADUAL AUGUSTO MEIRA,Belém,2.0,59,480.6,464.5,472.6,470.8,455.9,539.0,15040348
384,ESCOLA ESTADUAL PROF HELIO FROTA LIMA,Abel Figueiredo,2.0,38,480.5,474.4,471.4,489.2,450.5,516.8,15116220
385,ESCOLA ESTADUAL 28 DE JANEIRO,Castanhal,2.0,14,480.4,476.0,459.7,466.3,427.1,572.9,15045552
386,ESCOLA ESTADUAL PROFA MARIA ARAUJO FIGUEIREDO,Ananindeua,2.0,26,480.2,463.2,468.8,490.0,455.9,523.1,15034496
387,ESCOLA ESTADUAL BARTOLOMEU MORAES DA SILVA,Altamira,2.0,13,480.1,482.9,484.8,474.9,445.5,512.3,15139603
388,ESCOLA ESTADUAL PROFA PLACIDIA CARDOSO,Belém,2.0,32,480.0,462.6,464.1,482.9,467.9,522.5,15039757
389,ESCOLA ESTADUAL DOM PEDRO I,Belém,2.0,198,479.8,475.2,476.9,488.4,470.8,487.6,15043568
390,ESCOLA ESTADUAL RIO CAETE,Bragança,2.0,104,479.7,462.6,467.1,492.7,451.9,524.2,15527409
391,ESCOLA ESTADUAL LIBERALINA CARVALHO DE ARAGAO,Itupiranga,2.0,10,479.7,474.5,448.2,473.6,434.0,568.0,15579697
392,ESCOLA ESTADUAL RURAL DE ALTAMIRA,Altamira,2.0,34,479.5,462.7,483.7,481.6,437.2,532.4,15177858
393,ESCOLA ESTADUAL PROF JORGE LOPES RAPOSO,Belém,2.0,193,479.4,459.7,472.0,477.1,449.3,538.9,15567788
394,ESCOLA ESTADUAL ALMIRANTE SOARES DUTRA,Santarém,2.0,178,479.3,457.2,482.5,500.7,459.3,496.9,15011356
395,ESCOLA ESTADUAL SANTA ROSA,Vigia,2.0,38,479.2,464.4,470.1,496.0,441.4,524.2,15138963
396,ESCOLA ESTADUAL JADERLANDIA,Ananindeua,2.0,61,479.1,462.4,464.1,484.0,450.4,534.4,15034607
397,ANEXO EE DEP EVERALDO MARTINS - BELA VISTA DO CARACOL,Trairão,2.0,18,478.8,470.1,472.1,486.8,463.8,501.1,15169561
398,ESCOLA ESTADUAL GONCALVES DIAS,Parauapebas,2.0,70,478.6,467.4,479.8,500.6,449.7,495.7,15553558
399,ESCOLA ESTADUAL BENEDITO CORREA DE SOUZA,Itaituba,2.0,106,478.5,458.6,471.8,496.1,442.4,523.6,15525791
400,ESCOLA ESTADUAL DR MARIO CHERMONT,Belém,2.0,15,478.4,470.2,465.3,461.2,439.5,556.0,15039927
401,ESCOLA ESTADUAL ANTONIO BRASIL,Tomé-Açu,2.0,193,478.3,458.0,470.1,490.9,440.8,531.6,15085490
402,ESCOLA ESTADUAL BRASIL NOVO,Brasil Novo,2.0,92,478.3,457.4,463.9,496.7,459.5,514.1,15106250
403,ESCOLA ESTADUAL PROFA MARIA MIRTES SIDRIM PESSOA,Capanema,2.0,43,478.3,462.4,488.7,494.5,440.4,505.6,15059731
404,ESCOLA ESTADUAL RAYMUNDO MARTINS VIANNA,Belém,2.0,254,478.1,458.9,466.2,478.1,452.5,534.5,15212203
405,ANEXO EE SAO FELIPE - CIPOAL,Santarém,2.0,36,478.1,468.3,485.4,488.1,471.0,477.8,15168778
406,ESCOLA ESTADUAL MANOEL LEITE CARNEIRO,Belém,2.0,84,478.1,465.9,475.7,475.8,453.5,519.5,15165930
407,ESCOLA ESTADUAL TAURIANO GIL DE SOUSA,Vigia,2.0,24,478.1,467.3,453.2,482.8,427.8,559.2,15054870
408,ESCOLA ESTADUAL BERTOLDO NUNES,Vigia,2.0,107,477.8,457.2,472.7,478.9,464.4,515.7,15054420
409,ESCOLA ESTADUAL PROF MANOEL SATURNINO DE ANDRADE FAVACHO,Ananindeua,2.0,109,477.8,460.9,450.1,475.6,460.3,542.0,15590917
410,ESCOLA ESTADUAL PAPA PAULO VI,Novo Repartimento,2.0,123,477.7,462.9,463.5,487.4,458.7,515.8,15114686
411,ESCOLA ESTADUAL PROF OLIVEIRA BRITO,Capanema,2.0,82,477.7,454.7,475.6,496.2,456.2,505.6,15059677
412,ESCOLA ESTADUAL EDUARDO ANGELIM,Barcarena,2.0,156,477.3,461.1,485.3,500.7,446.6,492.9,15035891
413,EEEM IRMA ALBERTINA LEITAO,Santa Izabel do Pará,2.0,100,477.2,440.8,462.5,473.1,435.6,574.0,15150534
414,ESCOLA ESTADUAL MELVIN JONES,Uruará,2.0,152,477.2,460.4,477.5,489.9,463.5,494.5,15109879
415,ESCOLA ESTADUAL PADRE MARINO CONTTI,Mãe do Rio,2.0,213,477.2,452.0,473.9,487.8,449.4,522.7,15092542
416,ESCOLA ESTADUAL DR JUSTO CHERMONT,Belém,2.0,109,476.9,461.2,475.6,491.7,449.7,506.2,15039676
417,ANEXO EE RUI BARBOSA - ILHA DAS ONCAS,Belém,2.0,16,476.9,442.5,474.2,470.0,437.8,560.0,15181545
418,ESCOLA ESTADUAL LUCY CORREA DE ARAUJO,Ananindeua,2.0,88,476.8,462.4,469.6,478.1,446.6,527.0,15034763
419,ESCOLA ESTADUAL FRANCISCA GOMES DOS SANTOS,Medicilândia,2.0,45,476.5,457.1,468.7,481.7,436.6,538.2,15107035
420,ESCOLA ESTADUAL PROFA DAIRCE PEDROSA TORRES,Altamira,2.0,23,476.2,477.3,477.5,500.2,445.1,480.9,15104893
421,ESCOLA ESTADUAL DR LAURENO ALVES DE MELO,Castanhal,2.0,46,476.2,449.5,492.4,490.5,445.6,503.0,15045587
422,ESCOLA ESTADUAL JULIA SEFFER,Ananindeua,2.0,35,476.2,466.3,487.3,500.7,473.6,453.1,15034631
423,ESCOLA ESTADUAL IRMA AGNES VINCQUIER,Ipixuna do Pará,2.0,139,476.2,451.1,460.5,478.7,455.2,535.5,15094588
424,ESCOLA ESTADUAL PROF ECILA PANTOJA DA ROCHA,Moju,2.0,40,476.1,465.3,473.2,482.0,467.0,493.0,15166562
425,ESCOLA ESTADUAL PROF PAULO CESAR COUTINHO RODRIGUES,Castanhal,2.0,31,476.1,483.5,478.2,493.2,453.4,472.3,15531600
426,ESCOLA ESTADUAL IRMA CARLA GIUSSANI,São Miguel do Guamá,2.0,155,475.9,443.7,461.3,479.8,444.9,549.8,15213404
427,ESCOLA ESTADUAL PROF JORCELI SILVA SESTARI,Santana do Araguaia,2.0,54,475.7,463.3,448.2,474.7,441.7,550.7,15136647
428,ESCOLA ESTADUAL SALESIANA DO TRABALHO,Belém,2.0,113,475.6,458.5,453.6,483.2,459.9,522.8,15041387
429,ESCOLA ESTADUAL JERONIMO MILHOMEM TAVARES,Limoeiro do Ajuru,2.0,45,475.5,454.0,461.3,480.5,431.1,550.7,15075109
430,ESCOLA COMUNITARIA CASA FAMILIAR RURAL FRANCISCO DE ASSIS DA SILVA GOMES,Pacajá,4.0,13,475.5,462.2,476.3,483.2,454.3,501.5,15227405
431,ESCOLA ESTADUAL LUIZ GUALBERTO PIMENTEL,Dom Eliseu,2.0,140,475.4,459.9,472.6,490.7,461.5,492.4,15116980
432,ESCOLA ESTADUAL MANOEL LOBATO,Primavera,2.0,83,475.3,455.4,475.7,485.5,441.9,517.8,15062201
433,ESCOLA ESTADUAL MARIA DA CONCEICAO MALHEIROS,Irituia,2.0,104,475.3,457.9,467.4,491.8,446.2,513.3,15090930
434,ESCOLA ESTADUAL MONSENHOR MANCIO RIBEIRO,Bragança,2.0,73,475.3,452.9,464.5,486.1,454.3,518.6,15057135
435,ESCOLA ESTADUAL RETIRO GRANDE,Cachoeira do Arari,2.0,43,475.0,446.9,454.0,475.2,441.5,557.7,15028526
436,ESCOLA ESTADUAL JOSE SALLES,Castanhal,2.0,23,475.0,474.6,481.7,497.7,448.0,473.0,15588378
437,EEEF PRES TANCREDO DE ALMEIDA NEVES,Ananindeua,2.0,62,474.7,457.1,465.2,469.1,439.7,542.6,15034453
438,ESCOLA COMUNITARIA CASA FAMILIAR RURAL DO TERRITORIO QUILOMBOLA DE JAMBUACU,Moju,4.0,12,474.7,464.6,470.9,492.1,447.7,498.3,15156230
439,ESCOLA ESTADUAL DR GERSON DOS SANTOS PERES,Cametá,2.0,130,474.5,452.7,482.6,477.1,446.9,513.1,15068234
440,ANEXO EE BENEDITO CORREA DE SOUZA - CAMPO VERDE,Itaituba,2.0,28,474.5,466.9,466.4,471.9,447.1,520.0,15169103
441,ESCOLA ESTADUAL FREI OTHMAR,Santarém,2.0,73,474.4,467.7,483.1,493.4,456.0,472.1,15011585
442,ESCOLA ESTADUAL TEODORA BENTES,Belém,2.0,106,474.2,469.2,456.9,471.3,450.9,522.6,15040569
443,ESCOLA ESTADUAL DAVID SALOMAO MUFARREJ,Belém,2.0,56,474.2,459.6,471.1,481.6,446.4,512.1,15523845
444,ESCOLA ESTADUAL SANTA MARIA DE BELEM,Belém,2.0,146,474.1,454.0,464.7,475.5,457.7,518.6,15038505
445,ESCOLA ESTADUAL SEVERIANO BENEDITO DE SOUZA,Santa Maria do Pará,2.0,77,474.1,441.9,483.1,486.5,443.2,515.6,15062767
446,ESCOLA ESTADUAL AVERTANO ROCHA,Belém,2.0,119,474.0,459.2,463.9,477.2,452.7,517.0,15042928
447,ESCOLA ESTADUAL INACIO PASSARINHO,Terra Alta,2.0,42,473.8,467.5,460.9,480.9,446.5,513.3,15049051
448,ESCOLA ESTADUAL PROF FRANCISCO PAULO DO NASCIMENTO MENDES,Ananindeua,2.0,88,473.5,467.0,455.7,473.3,452.3,519.3,15564363
449,ESCOLA ESTADUAL DR SERGIO MOTA,Muaná,2.0,167,473.3,460.9,467.6,482.7,448.0,507.3,15558118
450,ESCOLA ESTADUAL MANOEL DE JESUS MORAES,Belém,2.0,12,473.3,465.9,457.0,495.6,456.1,491.7,15040437
451,ESCOLA ESTADUAL FRANCISCA NOGUEIRA DA COSTA RAMOS,Baião,2.0,153,473.1,446.8,454.7,471.5,442.1,550.3,15067564
452,ESCOLA ESTADUAL SAO FELIPE,Santarém,2.0,17,473.1,458.4,447.7,483.7,458.3,517.6,15011526
453,ESCOLA ESTADUAL ACY DE JESUS BARROS PEREIRA - VILA SAO FRANCISCO,Barcarena,2.0,93,473.0,456.1,476.3,490.8,452.8,489.0,15035921
454,ANEXO EE ACY DE JESUS NEVES DE BARROS PEREIRA - VILA SORORO,Marabá,2.0,19,473.0,451.7,467.3,492.9,424.8,528.4,15169260
455,CENTRO DE EDUCACAO DE JOVENS E ADULTOS PROF LUIZ OCTAVIO PEREIRA,Belém,2.0,46,472.9,472.2,466.1,479.5,457.2,489.6,15037665
456,ESCOLA ESTADUAL PROF ONEIDE DE SOUZA TAVARES,Marabá,2.0,112,472.6,453.1,469.4,487.2,435.8,517.5,15127613
457,ESCOLA ESTADUAL FELIPE PATRONI,Acará,2.0,158,472.6,448.9,473.3,483.3,450.4,507.0,15569748
458,ESCOLA ESTADUAL PROF ANTONIA ROSA,São João da Ponta,2.0,22,472.4,477.9,459.6,481.3,438.9,504.5,15053440
459,ANEXO EE PROF BASILIO DE CARVALHO - RIO QUIANDUBA,Abaetetuba,2.0,45,472.4,432.4,444.9,469.6,434.3,580.9,15169057
460,ESCOLA ESTADUAL DOM BOSCO,Salinópolis,2.0,101,472.3,461.0,481.4,490.4,461.6,467.3,15052168
461,ESCOLA ESTADUAL HONORATO FILGUEIRAS,Belém,2.0,50,472.3,469.3,454.9,463.4,458.9,515.2,15043304
462,ESCOLA ESTADUAL IRMA THEODORA,Marabá,2.0,106,472.2,443.9,454.4,476.3,442.3,544.2,15559726
463,ESCOLA ESTADUAL ONESIMA PEREIRA DE BARROS,Santarém,2.0,14,472.1,455.0,459.4,485.0,455.6,505.7,15011690
464,ESCOLA ESTADUAL PROF ANTONIO GONDIM LINS,Ananindeua,2.0,124,472.0,456.0,457.3,473.3,445.8,527.6,15034844
465,ESCOLA ESTADUAL PROF PAULO FREIRE,Marabá,2.0,24,471.9,469.0,468.4,500.8,425.7,495.8,15127648
466,ANEXO EE DOM LUIZ DE MOURA PALHA - SAO JOSE,Xinguara,2.0,16,471.7,464.4,456.3,457.9,458.6,521.2,15168832
467,ESCOLA ESTADUAL PROF GALVAO,Augusto Corrêa,2.0,160,471.7,455.3,461.5,475.2,448.1,518.2,15054900
468,ESCOLA ESTADUAL DOMINGAS DA COSTA SOUSA,Bragança,2.0,15,471.7,448.6,467.6,483.8,426.6,532.0,15058786
469,CENTRO INTEGRADO DE EDUC DO BAIXO TOCANTINS,Cametá,2.0,85,471.4,465.3,467.9,490.5,446.5,486.6,15587878
470,ESCOLA ESTADUAL SEVERO ALVES,Breu Branco,2.0,77,471.3,459.3,476.3,484.2,453.2,483.6,15575519
471,COLEGIO ESTADUAL PROF ANUNCIADA CHAVES,Goianésia do Pará,2.0,91,471.1,448.9,472.7,488.3,453.5,492.3,15117456
472,ESCOLA ESTADUAL RAINHA DA PAZ,Belém,2.0,37,470.9,448.2,443.0,465.2,445.5,552.4,15035557
473,ESCOLA ESTADUAL DR ABEL FIGUEREDO,São João do Araguaia,2.0,28,470.5,450.5,441.0,469.0,425.0,567.1,15550087
474,ESCOLA ESTADUAL DRA ESTER MOUTA,Ponta de Pedras,2.0,105,470.3,462.4,477.3,488.2,443.8,480.0,15031837
475,ESCOLA ESTADUAL IRMA STELLA MARIA,Abaetetuba,2.0,108,470.2,456.2,470.2,482.8,458.1,483.9,15576396
476,ESCOLA ESTADUAL PROF MARCOS NUNES,Santa Maria do Pará,2.0,19,470.1,465.6,478.2,491.6,433.9,481.1,15062821
477,ESCOLA ESTADUAL JOSE ALVES MAIA,Belém,2.0,56,470.1,444.8,466.3,483.2,445.3,510.7,15040402
478,ESCOLA ESTADUAL PADRE JOSE NICOLINO DE SOUZA,Oriximiná,2.0,207,469.8,452.5,467.7,481.8,459.0,487.8,15002853
479,ESCOLA ESTADUAL PROFA FLORENTINA DAMASCENO,Santa Luzia do Pará,2.0,148,469.7,446.5,460.0,485.0,440.0,516.9,15094065
480,ESCOLA ESTADUAL RAIMUNDO RIBEIRO DA COSTA,Oeiras do Pará,2.0,162,469.7,448.3,459.7,477.4,448.7,514.2,15553655
481,ESCOLA ESTADUAL DONA HELENA GUILHON,Belém,2.0,31,469.6,456.6,466.9,479.6,457.3,487.7,15042855
482,ESCOLA ESTADUAL PROFA ELZA MARIA CORREA DANTAS,São Domingos do Araguaia,2.0,101,469.5,454.4,448.7,480.3,436.0,528.3,15129799
483,ESCOLA ESTADUAL ALBERTINA BARREIROS,Itupiranga,2.0,182,469.5,456.5,458.6,483.9,442.8,505.7,15111741
484,ESCOLA ESTADUAL DELCIMAR ALVES DA SILVA,Tailândia,2.0,156,469.4,456.5,463.5,485.2,446.1,495.8,15164535
485,ESCOLA ESTADUAL DOM MARIO DE MIRANDA VILAS BOAS,Bujaru,2.0,92,469.4,445.7,462.2,479.2,433.4,526.5,15044327
486,ANEXO EE PE EDMUNDO DE LIMA CALVO - VILA DE LIMAO,Monte Alegre,2.0,14,469.2,455.2,453.6,465.3,440.6,531.4,15170403
487,ESCOLA ESTADUAL PRESIDENTE TANCREDO NEVES,Placas,2.0,60,469.2,461.3,454.9,477.8,424.8,527.3,15011330
488,ESCOLA ESTADUAL DR MIGUEL DE SANTA BRIGIDA,Salinópolis,2.0,95,469.0,455.9,460.8,486.1,442.5,499.6,15052222
489,ESCOLA ESTADUAL SEN CATETE PINHEIRO,Rio Maria,2.0,77,468.9,448.4,465.2,483.4,435.7,511.7,15131831
490,ESCOLA ESTADUAL DR JOSE MARCIO AYRES,Belém,2.0,59,468.9,450.3,466.3,461.9,453.3,512.5,15586227
491,ESCOLA ESTADUAL PRESIDENTE KENNEDY,Maracanã,2.0,88,468.8,460.9,464.9,484.0,439.0,495.0,15050149
492,ESCOLA ESTADUAL LINA SEFFER,Nova Esperança do Piriá,2.0,102,468.7,454.0,461.2,484.3,456.8,487.3,15093158
493,ESCOLA ESTADUAL PROF ANA TELES,Benevides,2.0,155,468.7,458.7,465.8,479.5,456.3,483.0,15043720
494,ESCOLA ESTADUAL PAULINO DE BRITO,Belém,2.0,48,468.6,457.1,469.0,500.3,464.4,452.1,15039234
495,ESCOLA ESTADUAL DR TANCREDO DE ALMEIDA NEVES,Curionópolis,2.0,70,468.5,451.8,469.3,479.7,448.6,493.1,15124347
496,ESCOLA ESTADUAL MARILDA FIGUEIREDO NUNES,Tracuateua,2.0,42,468.4,451.8,449.7,482.4,460.6,497.6,15057283
497,ESCOLA ESTADUAL IRMA LAURA DE MARTINS CARVALHO,Canaã dos Carajás,2.0,175,468.4,452.7,460.8,496.8,450.9,480.7,15097129
498,ESCOLA ESTADUAL PROF JOSE EDMUNDO QUEIROZ,Marituba,2.0,167,468.3,451.2,459.6,476.2,448.8,505.6,15034488
499,ESCOLA ESTADUAL BRIGADEIRO FONTENELLE,Belém,2.0,120,468.2,449.8,452.2,468.2,457.2,513.8,15040305
500,ESCOLA ESTADUAL PROF JOSE MARIA MACHADO,Barcarena,2.0,91,468.1,459.4,464.4,491.7,443.8,481.3,15035964
501,ESCOLA ESTADUAL MARIA ANTONIETA SERRA FREIRE,Belém,2.0,60,468.0,462.5,457.2,473.4,452.1,495.0,15042650
502,ESCOLA ESTADUAL BELINA CAMPOS COUTINHO,Capitão Poço,2.0,90,467.9,463.2,474.7,497.0,465.2,439.3,15088154
503,ESCOLA ESTADUAL JARBAS PASSARINHO - SOUZA,Belém,2.0,31,467.8,461.4,454.8,475.6,450.3,496.8,15040003
504,ESCOLA ESTADUAL SAO JOSE,Óbidos,2.0,97,467.8,444.2,473.4,479.3,430.7,511.3,15001504
505,ESCOLA ESTADUAL MAGALHAES BARATA,Belém,2.0,191,467.7,453.4,461.3,476.6,463.3,483.7,15577791
506,ESCOLA ESTADUAL DR PADUA COSTA,Santa Bárbara do Pará,2.0,87,467.7,441.9,462.7,480.8,449.7,503.4,15044114
507,ESCOLA ESTADUAL PROFA APOLONIA PINHEIRO DOS SANTOS,Capanema,2.0,20,467.7,440.8,468.6,497.1,436.8,495.0,15060438
508,ESCOLA ESTADUAL MARIA ALICE GEOLAS MOURA CARVALHO,Quatipuru,2.0,29,467.6,455.0,460.0,479.5,468.6,475.2,15062503
509,ESCOLA ESTADUAL ARMANDO FAJARDO,Ananindeua,2.0,68,467.6,463.7,460.4,473.4,447.5,493.2,15523420
510,ESCOLA ESTADUAL PROF RENATO PINHEIRO CONDURU,Belém,2.0,28,467.5,458.9,470.7,475.3,463.5,469.3,15043517
511,ESCOLA ESTADUAL CARMINA GOMES,São Félix do Xingu,2.0,64,467.5,445.9,467.2,485.9,444.6,494.1,15121607
512,ESCOLA ESTADUAL FREI DANIEL DE SAMARATE,Igarapé-Açu,2.0,19,467.4,452.7,476.6,472.2,437.7,497.9,15060721
513,ESCOLA ESTADUAL PROF PALMIRA GABRIEL,Belém,2.0,120,467.3,454.0,461.8,464.8,443.7,512.3,15042324
514,ESCOLA ESTADUAL PROF JOAO LUDOVICO,Limoeiro do Ajuru,2.0,81,467.3,450.7,450.9,473.1,441.1,520.7,15529606
515,ESCOLA ESTADUAL RURAL DE PACAJA,Pacajá,2.0,16,467.2,469.9,438.4,485.4,454.8,487.5,15177564
516,ESCOLA ESTADUAL PAULO FREIRE,Sapucaia,2.0,35,467.2,456.6,465.9,481.8,414.1,517.7,15134016
517,ESCOLA ESTADUAL PROFA DEUSARINA DA SILVA RODRIGUES,Castanhal,2.0,45,467.0,461.6,465.2,494.3,425.2,488.9,15150585
518,ESCOLA ESTADUAL AMADEU BURLAMAQUI SIMOES,Alenquer,2.0,142,467.0,453.5,452.7,484.0,432.5,512.3,15005186
519,ESCOLA ESTADUAL ENEDINA SAMPAIO MELO,Igarapé-Miri,2.0,134,466.7,451.7,460.2,474.4,440.5,506.7,15570193
520,ESCOLA ESTADUAL SANTO ANTONIO,Alenquer,2.0,67,466.6,443.0,458.0,483.3,449.1,499.4,15005100
521,ESCOLA ESTADUAL DR GABRIEL SALES PIMENTA,Marabá,2.0,93,466.6,440.0,459.6,479.3,429.5,524.7,15127265
522,ESCOLA ESTADUAL MARIA GABRIELA RAMOS DE OLIVEIRA,Belém,2.0,35,466.5,455.5,477.8,480.6,468.4,450.3,15034739
523,EETEPA ORIXIMINA,Oriximiná,2.0,157,466.4,460.7,461.9,474.6,439.5,495.4,15165965
524,ESCOLA ESTADUAL GETULIO VARGAS,Altamira,2.0,42,466.4,456.4,470.1,484.6,446.7,474.3,15106101
525,ESCOLA ESTADUAL MARIA PIA DOS SANTOS AMARAL,Castanhal,2.0,44,466.4,453.7,477.0,488.8,445.6,466.8,15046567
526,INSTITUTO EDUCACIONAL INVICTUS,Anapu,4.0,10,466.2,477.5,450.0,473.7,439.7,490.0,15175685
527,ESCOLA ESTADUAL PRES TANCREDO DE ALMEIDA NEVES,Melgaço,2.0,108,466.1,449.3,469.5,474.2,422.6,515.2,15020282
528,ESCOLA ESTADUAL ANA PONTES FRANCEZ,Tucuruí,2.0,118,466.1,460.6,466.1,481.6,448.9,473.4,15551415
529,ESCOLA ESTADUAL PROF TEODATO DE REZENDE,Salinópolis,2.0,61,466.1,460.8,472.0,481.1,431.9,484.6,15052192
530,ANEXO EE CARMINA GOMES - VILA TABOCA,São Félix do Xingu,2.0,28,466.1,429.5,437.3,476.4,438.6,548.6,15168859
531,ESCOLA ESTADUAL ANTONIO BATISTA BELO DE CARVALHO,Santarém,2.0,58,466.0,460.9,466.5,481.8,435.1,485.5,15011380
532,ESCOLA ESTADUAL ALOISIO DA COSTA CHAVES,Concórdia do Pará,2.0,59,465.6,447.4,452.7,462.6,433.1,532.2,15081052
533,ESCOLA ESTADUAL IRMA DOROTHY STANGE,Jacundá,2.0,66,465.4,463.8,481.7,483.3,446.6,451.5,15105121
534,ESCOLA ESTADUAL GUILHERME GABRIEL,Paragominas,2.0,116,465.2,450.3,461.7,488.1,449.4,476.6,15582930
535,ESCOLA ESTADUAL DR GERALDO MENDES DE CASTRO VELOSO,Marabá,2.0,135,465.1,455.2,466.8,485.3,440.5,477.9,15577406
536,ESCOLA ESTADUAL PROFA DILMA DE SOUZA CATTETE,Belém,2.0,18,465.1,455.7,460.1,495.4,481.1,433.3,15042898
537,ESCOLA ESTADUAL PROFA MARIA HELENA VALENTE TAVARES,Ananindeua,2.0,224,464.9,449.5,449.6,469.8,452.9,502.5,15581853
538,ANEXO EE JOSE LOURENCO - PLACAS DO PITINGA,Breu Branco,2.0,39,464.8,451.6,467.5,487.2,421.3,496.4,15539288
539,ESCOLA ESTADUAL OSVALDO CRUZ,Capitão Poço,2.0,71,464.7,459.5,470.1,488.8,468.7,436.3,15088375
540,ESCOLA ESTADUAL PROF RUTH GUIMARAES FERREIRA,Benevides,2.0,92,464.7,453.1,458.1,480.3,436.9,495.0,15586316
541,ESCOLA ESTADUAL TEREZINHA DE JESUS F LIMA,Abaetetuba,2.0,43,464.7,453.3,465.1,470.3,447.5,487.4,15064514
542,ESCOLA ESTADUAL SALOMAO MATOS,Salvaterra,2.0,118,464.2,456.8,472.0,469.0,437.3,485.9,15583910
543,ESCOLA ESTADUAL ELDORADO,Eldorado do Carajás,2.0,23,464.2,448.7,459.6,483.7,466.6,462.6,15124770
544,ANEXO EE PADRE LUCIANO CALDERARA - VILA DE CURUPAITI,Viseu,2.0,45,464.0,440.6,465.3,468.8,445.9,499.6,15180689
545,ESCOLA ESTADUAL AGOSTINHO MORAES DE OLIVEIRA,Inhangapi,2.0,61,463.9,455.5,465.8,481.0,435.9,481.3,15584640
546,ESCOLA ESTADUAL JULIA PASSARINHO,Cametá,2.0,212,463.8,440.8,460.2,467.7,435.6,514.5,15068390
547,ESCOLA ESTADUAL IZABEL AMAZONAS,Ananindeua,2.0,50,463.8,457.9,452.5,487.0,425.0,496.8,15578020
548,ESCOLA ESTADUAL JOSE ELIAS EMIN,Igarapé-Açu,2.0,32,463.6,455.7,459.2,486.4,441.2,475.6,15060608
549,ESCOLA ESTADUAL JOAQUIM VIANA,Ananindeua,2.0,70,463.5,449.2,443.7,462.3,449.3,512.9,15034445
550,ESCOLA ESTADUAL PADRE BENEDITO CHAVES,Belém,2.0,38,463.5,450.5,460.2,470.7,464.9,471.1,15039684
551,ESCOLA ESTADUAL SORAYA MARQUES CHAYB,Curuá,2.0,101,463.3,442.6,459.0,460.1,431.4,523.4,15566838
552,ANEXO EE PROF GERSON PERES - CIDADE NOVA,Breves,2.0,46,463.3,433.5,475.6,475.1,442.9,489.6,15168751
553,ESCOLA ESTADUAL JULIAO BERTOLDO DE CASTRO,Bagre,2.0,128,463.2,445.5,439.1,456.9,432.8,541.9,15018644
554,ESCOLA ESTADUAL GRAZIELA MOURA RIBEIRO,Belém,2.0,27,463.0,448.2,456.6,475.6,431.6,503.0,15040313
555,ESCOLA ESTADUAL MAESTRO WILSON DIAS DA FONSECA,Santarém,2.0,121,462.9,457.1,467.3,482.5,435.1,472.2,15585026
556,ESCOLA ESTADUAL NOSSA SENHORA DO ROSARIO,Marituba,2.0,89,462.8,446.2,452.5,463.3,453.3,498.4,15140591
557,ESCOLA ESTADUAL BRIGADEIRO HAROLDO COIMBRA VELOSO,Jacareacanga,2.0,42,462.6,447.4,459.8,468.6,424.8,512.4,15102254
558,ESCOLA ESTADUAL DOM JOSE ELIAS CHAVES,Pacajá,2.0,86,462.4,443.6,463.2,483.4,425.2,496.3,15211053
559,ESCOLA ESTADUAL CHARLES ASSAD,Bonito,2.0,50,462.4,431.2,462.2,468.8,430.0,520.0,15056007
560,ESCOLA ESTADUAL JOAO BATISTA DE MOURA CARVALHO,Igarapé-Açu,2.0,22,462.3,449.5,459.8,487.3,445.8,469.1,15061159
561,ESCOLA ESTADUAL PROF GERSON PERES,Breves,2.0,107,462.2,446.7,466.6,477.6,433.6,486.5,15583430
562,ESCOLA ESTADUAL RURAL DE MONTE ALEGRE,Monte Alegre,2.0,87,462.2,441.8,455.7,460.8,422.7,529.9,15177807
563,ESCOLA ESTADUAL MARIO BARBOSA,Belém,2.0,35,462.1,458.2,456.5,469.0,470.4,456.6,15140711
564,ESCOLA ESTADUAL RURAL DE LIMOEIRO DO AJURU,Limoeiro do Ajuru,2.0,104,462.0,445.0,449.2,463.5,425.7,526.5,15177700
565,ESCOLA ESTADUAL SUBOFICIAL EDVALDO BRANDAO DE JESUS,Belém,2.0,56,461.8,434.2,456.2,460.4,450.8,507.5,15042804
566,ESCOLA ESTADUAL PROFA MARIA DA GLORIA RODRIGUES PAIXAO,Jacundá,2.0,158,461.5,448.7,452.5,475.1,440.9,490.1,15113388
567,ESCOLA ESTADUAL FREI CONSTANCIO,Almeirim,2.0,127,461.5,452.9,467.1,476.3,442.8,468.2,15016722
568,ESCOLA ESTADUAL PROFA AMERICA LEAO CONDURU,Capanema,2.0,13,461.4,448.3,477.0,489.1,420.1,472.3,15059626
569,ESCOLA ESTADUAL PROF ALUISIO LOPES MARTINS,Santarém,2.0,85,461.3,448.9,468.4,465.9,432.7,490.6,15011437
570,ESCOLA ESTADUAL ALUISIO LOCH,Pacajá,2.0,47,461.3,457.0,468.2,473.8,435.7,471.9,15107582
571,ESCOLA ESTADUAL MAGNO DA SILVA BAHIA,Cachoeira do Arari,2.0,17,461.2,456.1,447.3,492.5,404.3,505.9,15171043
572,ESCOLA ESTADUAL RURAL DE AVEIRO,Aveiro,2.0,19,461.2,458.5,454.0,480.8,442.2,470.5,15177360
573,ESCOLA ESTADUAL HERIBERTO BARROSO ARAGAO,Cametá,2.0,71,461.2,443.9,466.1,476.8,443.1,476.3,15170438
574,ESCOLA ESTADUAL JOAO SANTOS,Capanema,2.0,48,460.9,451.0,468.4,491.4,454.5,439.2,15059642
575,ESCOLA ESTADUAL DO OUTEIRO,Belém,2.0,124,460.9,453.1,454.9,454.7,437.3,504.5,15042782
576,ESCOLA ESTADUAL PENHA LONGA,Vigia,2.0,15,460.9,448.9,465.7,462.5,440.8,486.7,15054373
577,ESCOLA ESTADUAL DOM CALABRIA,Marituba,2.0,82,460.7,437.4,445.8,464.6,440.9,514.9,15043967
578,ESCOLA ESTADUAL PROF JONATHAS PONTES ATHIAS,Marabá,2.0,81,460.6,447.4,457.8,479.4,431.9,486.7,15127907
579,ESCOLA ESTADUAL EDUARDO ANGELIM,Aveiro,2.0,17,460.1,445.6,472.3,453.3,455.2,474.1,15099342
580,ESCOLA ESTADUAL MARIO QUEIROZ DO ROSARIO,Bragança,2.0,52,460.0,447.6,464.9,461.9,445.7,479.6,15057127
581,ESCOLA ESTADUAL FRANCILANDIA,Eldorado do Carajás,2.0,30,460.0,445.2,445.8,483.7,457.3,468.0,15584020
582,ESCOLA ESTADUAL PROFA ERNESTINA PEREIRA MAIA,Moju,2.0,247,459.9,444.5,460.3,470.7,434.5,489.7,15568873
583,ESCOLA ESTADUAL PROF ISAURA BAHIA,Mocajuba,2.0,182,459.8,440.6,466.4,469.8,433.6,488.5,15076580
584,ESCOLA ESTADUAL RURAL DE SANTANA DO ARAGUAIA,Santana do Araguaia,2.0,12,459.8,452.8,442.0,462.6,438.2,503.3,15178129
585,ESCOLA ESTADUAL MAGALHAES BARATA,Chaves,2.0,50,459.8,458.4,445.6,462.9,449.1,483.2,15029220
586,ESCOLA ESTADUAL ODILA DE SOUSA,Altamira,2.0,71,459.8,450.3,471.8,498.8,436.2,441.7,15169138
587,ESCOLA ESTADUAL ROSA CARRERA LOUREIRO AQUINO,Santarém Novo,2.0,46,459.6,462.9,445.6,480.7,423.0,485.7,15063615
588,ESCOLA ESTADUAL PATALINO,Bragança,2.0,21,459.5,434.6,444.0,448.5,429.5,541.0,15057291
589,ESCOLA ESTADUAL FERNANDO FERRARI,Marituba,2.0,129,459.2,450.7,449.2,456.5,444.9,494.9,15034429
590,ESCOLA ESTADUAL PRADO LOPES,Curralinho,2.0,99,459.2,449.0,445.6,464.0,428.7,508.9,15026680
591,ESCOLA ESTADUAL DOM PEDRO I,Porto de Moz,2.0,113,459.0,446.6,456.6,474.4,419.4,498.1,15017893
592,ESCOLA ESTADUAL FRANCISCO NOBRE DE ALMEIDA,Monte Alegre,2.0,89,459.0,447.4,466.2,468.6,438.5,474.2,15007375
593,ESCOLA ESTADUAL ROSA ALVAREZ REBELO,Senador José Porfírio,2.0,76,459.0,449.8,457.4,475.1,433.9,478.9,15109194
594,ESCOLA ESTADUAL NORMA GUILHON,Colares,2.0,67,458.8,446.5,464.9,478.1,449.1,455.2,15048470
595,ESCOLA ESTADUAL RAIMUNDO VERA CRUZ,Ananindeua,2.0,137,458.6,451.9,448.4,464.6,448.0,479.9,15574199
596,ESCOLA ESTADUAL PROFA DALILA AFONSO CUNHA,Igarapé-Miri,2.0,51,458.6,451.8,455.6,481.3,424.8,479.6,15568857
597,ESCOLA ESTADUAL CENTRO MARANATA,Itaituba,2.0,35,458.5,455.8,472.9,483.9,453.8,426.3,15535762
598,ESCOLA ESTADUAL NOSSA SENHORA APARECIDA,Santarém,2.0,30,458.5,454.5,468.7,484.4,436.1,448.7,15011658
599,ESCOLA ESTADUAL PROF RUTH ROSITA DE NAZARE GONZALES,Belém,2.0,48,458.3,445.6,453.7,463.4,444.9,483.8,15040291
600,ESCOLA ESTADUAL PROF CARMEM CARDOSO FERREIRA,Abaetetuba,2.0,20,458.2,439.5,454.9,457.3,438.3,501.0,15064417
601,ESCOLA ESTADUAL LIBERDADE,Marabá,2.0,76,458.1,448.5,454.5,479.7,434.4,473.4,15127281
602,ESCOLA ESTADUAL DOM TIAGO RYAN,Santarém,2.0,21,458.0,443.3,462.6,460.4,442.6,481.0,15542475
603,ESCOLA ESTADUAL C PRESIDENTE FERNANDO HENRIQUE,Monte Alegre,2.0,24,457.9,464.4,470.2,497.6,427.3,430.0,15572099
604,ESCOLA ESTADUAL PROFA ARACY ALVES DIAS,Salinópolis,2.0,138,457.9,454.7,460.7,478.2,429.8,466.4,15052150
605,ANEXO EE PADRE LUCIANO CALDERARA - VILA DO LAGUINHO,Viseu,2.0,18,457.8,426.8,437.7,464.6,404.5,555.6,15172511
606,ESCOLA ESTADUAL RURAL DE PLACAS,Placas,2.0,18,457.7,449.0,480.5,497.3,446.1,415.6,15177637
607,ESCOLA ESTADUAL PROF EDDA DE SOUSA GONCALVES,Soure,2.0,37,457.5,460.8,457.0,467.1,419.5,483.2,15033724
608,ESCOLA ESTADUAL FELISBELO JAGUAR SUSSUARANA,Santarém,2.0,17,457.5,452.4,464.2,489.0,428.0,454.1,15011542
609,ESCOLA ESTADUAL MAROJA NETO,São Domingos do Capim,2.0,55,457.3,457.0,458.7,474.2,451.7,444.7,15094596
610,ANEXO EE JULIA GONCALVES PASSARINHO - JACAMIN,Santarém,2.0,29,457.2,434.1,462.7,454.1,410.2,524.8,15168760
611,ESCOLA ESTADUAL PADRE JOSE DELGARDES,Barcarena,2.0,88,457.2,460.9,465.2,477.5,443.4,438.9,15035735
612,ESCOLA ESTADUAL DR FREITAS,Belém,2.0,58,457.0,451.2,449.5,480.7,450.4,453.1,15039919
613,ESCOLA ESTADUAL RURAL DE MOJUI DOS CAMPOS,Mojuí dos Campos,2.0,37,457.0,446.2,462.3,469.8,439.0,467.6,15177556
614,ESCOLA ESTADUAL LEANDRO LOBAO DA SILVEIRA,Bragança,2.0,39,456.8,440.9,453.4,480.7,433.3,475.9,15057259
615,ESCOLA ESTADUAL RURAL DE FLORESTA DO ARAGUAIA,Floresta do Araguaia,2.0,10,456.7,460.8,454.2,466.8,411.4,490.0,15178269
616,ANEXO EE RIO TAPAJOS - BOA ESPERANCA,Santarém,2.0,23,456.3,446.6,451.4,474.2,458.1,451.3,15170098
617,ESCOLA ESTADUAL ALDEBARO KLAUTAU,Belém,2.0,86,456.1,462.8,473.9,465.3,444.3,434.4,15039528
618,ESCOLA ESTADUAL PROF SANTANA MARQUES,Belém,2.0,112,456.1,454.3,453.9,465.8,441.2,465.4,15039803
619,ANEXO EE PROF BENVINDA DE ARAUJO PONTES - AJUAI,Abaetetuba,2.0,20,456.0,427.2,466.9,455.9,437.2,493.0,15179710
620,ESCOLA ESTADUAL DR JOSE CURSINO DE AZEVEDO,Marabá,2.0,26,456.0,436.0,457.3,468.9,431.7,486.2,15127303
621,ESCOLA ESTADUAL SAO MIGUEL DE BEJA,Abaetetuba,2.0,32,456.0,461.6,469.2,485.3,412.7,451.2,15067157
622,ESCOLA ESTADUAL JOSE MARIA DE MORAES,Barcarena,2.0,23,455.9,468.8,472.5,478.5,450.2,409.6,15035956
623,ESCOLA ESTADUAL AUGUSTO MONTENEGRO,Belém,2.0,13,455.8,441.8,451.2,465.5,434.1,486.2,15039587
624,ESCOLA ESTADUAL DOM MACEDO COSTA,Santarém,2.0,26,455.0,449.1,460.0,461.2,411.1,493.8,15169235
625,ESCOLA ESTADUAL RURAL DE BREVES,Breves,2.0,68,454.8,443.7,459.7,465.3,417.6,487.6,15178226
626,ESCOLA ESTADUAL JOAO CARLOS BATISTA,Ananindeua,2.0,21,454.8,450.5,437.5,452.6,422.9,510.5,15034372
627,ESCOLA ESTADUAL PROFA OSCARINA ANTONIA SOUZA DO REGO,Mãe do Rio,2.0,30,454.6,440.7,463.6,481.2,401.2,486.0,15156796
628,ANEXO EE PAPA PAULO VI - VILA TUCURUI,Novo Repartimento,2.0,25,454.4,458.7,458.7,481.2,426.3,447.2,15168913
629,ESCOLA ESTADUAL RURAL DE CONCEICAO DO ARAGUAIA,Conceição do Araguaia,2.0,38,454.4,451.7,463.7,463.2,436.2,457.4,15178021
630,ESCOLA ESTADUAL PROFA REGINA COELI SOUZA SILVA,Ananindeua,2.0,54,454.4,461.9,446.9,471.7,444.3,447.0,15034500
631,ESCOLA ESTADUAL ANTONIO TEIXEIRA GUEIROS,Ananindeua,2.0,54,454.3,442.1,447.5,464.0,430.4,487.4,15034410
632,ESCOLA ESTADUAL VEREADOR RAIMUNDO DE SOUZA COELHO,Juruti,2.0,143,454.2,440.6,453.9,462.8,430.0,483.6,15578003
633,ESCOLA ESTADUAL CIDADE DE EMAUS,Belém,2.0,10,454.2,475.9,454.7,472.1,446.1,422.0,15042570
634,ESCOLA ESTADUAL RURAL DE ELDORADO DO CARAJAS,Eldorado do Carajás,2.0,20,454.2,449.4,435.7,470.8,428.0,487.0,15177726
635,ESCOLA ESTADUAL DR INACIO SOUSA MOTA,Marabá,2.0,27,454.0,447.4,459.3,474.0,418.4,471.1,15127737
636,ESCOLA ESTADUAL DE TESSALONICA,Irituia,2.0,19,453.7,457.9,462.0,484.3,405.6,458.9,15560260
637,ESCOLA ESTADUAL CASTRO ALVES,Santa Maria das Barreiras,2.0,33,453.5,440.2,466.2,473.4,438.7,449.1,15136060
638,ESCOLA ESTADUAL RURAL DE ABAETETUBA,Abaetetuba,2.0,151,453.4,442.5,453.9,466.9,415.5,488.2,15177416
639,ESCOLA ESTADUAL REMIGIO FERNANDES,Marapanim,2.0,99,453.4,449.4,442.9,470.7,429.1,474.9,15051552
640,ESCOLA ESTADUAL ANTONIO FIGUEIRA,Santarém,2.0,82,453.4,438.3,461.2,445.2,423.0,499.3,15168697
641,ESCOLA ESTADUAL NOSSA SENHORA DO CARMO,Belém,2.0,49,453.3,446.1,444.7,468.5,434.8,472.2,15042626
642,ESCOLA ESTADUAL BARAO DE IGARAPE MIRI,Belém,2.0,79,453.2,454.7,451.3,474.0,429.9,455.9,15038769
643,ESCOLA ESTADUAL PADRE SALES,Capanema,2.0,44,453.2,448.0,466.9,477.1,435.9,438.2,15059650
644,ESCOLA ESTADUAL RURAL DE MEDICILANDIA,Medicilândia,2.0,19,453.1,448.7,457.3,472.0,414.1,473.7,15177980
645,ESCOLA ESTADUAL RURAL DE IGARAPE MIRI,Igarapé-Miri,2.0,253,452.9,432.9,450.0,460.8,415.4,505.6,15177467
646,ESCOLA ESTADUAL MARIA DAS GRACAS BALBINO CORREA,Ipixuna do Pará,2.0,74,452.8,453.4,457.6,468.6,432.7,451.6,15168743
647,ESCOLA ESTADUAL RURAL DE MARAPANIM,Marapanim,2.0,20,452.8,454.0,462.4,481.4,429.5,437.0,15178307
648,ESCOLA ESTADUAL MARIA JOSE SANTANA DA SILVA,Anapu,2.0,91,452.7,446.4,452.6,468.3,447.5,448.6,15575497
649,PAIDEIA EDUCACIONAL,Ananindeua,4.0,13,452.4,472.9,479.3,464.5,417.7,427.7,15176266
650,ESCOLA ESTADUAL PROF ABELARDO LEAO CONDURU,Belém,2.0,87,452.4,436.9,433.7,444.4,434.3,512.9,15043320
651,ESCOLA ESTADUAL RURAL DE TOME ACU,Tomé-Açu,2.0,41,452.1,443.2,460.4,466.8,409.3,481.0,15177610
652,ESCOLA ESTADUAL RURAL DE MARABA,Marabá,2.0,34,452.0,455.6,431.3,470.2,448.5,454.7,15177777
653,ESCOLA ESTADUAL PALMIRA GABRIEL,Barcarena,2.0,124,451.7,438.0,458.1,471.7,428.5,462.1,15576370
654,ESCOLA ESTADUAL JOSE LOURENCO,Breu Branco,2.0,25,451.6,436.1,443.0,484.2,417.7,476.8,15558690
655,ESCOLA ESTADUAL EZERIEL MONICO DE MATOS,Santarém,2.0,43,451.5,438.4,461.0,466.3,417.2,474.4,15011550
656,ESCOLA ESTADUAL PROF MARIA IONE HENRIQUE,Igarapé-Açu,2.0,22,451.4,443.1,457.9,458.1,436.9,460.9,15156303
657,ESCOLA ESTADUAL MONSENHOR AUGUSTO DIAS DE BRITO,Floresta do Araguaia,2.0,58,451.3,448.3,461.3,460.4,443.3,443.4,15134598
658,ESCOLA ESTADUAL DO CAMPO PROF WILSON BAIA,Goianésia do Pará,2.0,14,451.3,452.0,447.2,457.0,408.7,491.4,15172457
659,ESCOLA ESTADUAL RURAL DE SANTA MARIA DAS BARREIRAS,Santa Maria das Barreiras,2.0,11,451.2,419.7,455.0,456.4,443.0,481.8,15178099
660,ANEXO EE PAPA PAULO VI - MARACAJA,Novo Repartimento,2.0,47,451.0,452.2,459.8,461.9,460.7,420.4,15168921
661,ESCOLA ESTADUAL PROF ADEMAR NUNES VASCONCELOS,Salvaterra,2.0,28,451.0,444.6,458.1,476.7,416.9,458.6,15032744
662,ESCOLA ESTADUAL JULIA GONCALVES PASSARINHO,Santarém,2.0,30,450.6,447.5,458.4,469.0,431.4,446.7,15011615
663,ESCOLA ESTADUAL DOM ALBERTO GALDENCIO RAMOS,Ananindeua,2.0,72,450.4,450.6,459.2,450.7,434.8,456.4,15034046
664,ESCOLA ESTADUAL RURAL DE CHAVES,Chaves,2.0,24,450.4,412.5,467.2,450.5,409.3,512.5,15178234
665,ESCOLA ESTADUAL NELSON REBELO,Marapanim,2.0,34,450.3,452.4,457.3,472.0,419.1,450.6,15585891
666,ESCOLA ESTADUAL PROF OLINDA VERAS ALVES,Curuçá,2.0,112,450.2,451.4,458.2,469.9,425.0,446.4,15048888
667,ESCOLA ESTADUAL INACIO MOURA,Santo Antônio do Tauá,2.0,109,450.0,439.6,454.9,458.2,420.9,476.5,15047849
668,ESCOLA ESTADUAL ROSA ROCHA ALMEIDA,São Caetano de Odivelas,2.0,32,449.9,445.0,443.9,468.5,431.6,460.6,15052761
669,ESCOLA ESTADUAL MANOEL DA VERA CRUZ SA,Curralinho,2.0,38,449.6,453.0,458.1,485.3,419.9,431.6,15159299
670,ESCOLA ESTADUAL ABEL OVIDIO DE CAMPOS,Curuçá,2.0,33,449.5,447.1,444.2,468.9,420.5,466.7,15049396
671,ESCOLA ESTADUAL JOAO PINTO PEREIRA,Cumaru do Norte,2.0,17,449.3,452.9,456.7,485.5,398.6,452.9,15161439
672,ESCOLA ESTADUAL EDGAR PINHEIRO PORTO,Belém,2.0,31,449.3,430.8,456.4,455.1,433.8,470.3,15040356
673,ANEXO EE PADRE LUCIANO CALDERARA - VILA ACAITEUA,Viseu,2.0,65,449.2,446.6,442.6,463.7,425.2,467.7,15172503
674,ESCOLA ESTADUAL DESEMBARGADOR OSVALDO BRITO DE FARIAS,São Caetano de Odivelas,2.0,46,449.1,438.5,449.3,484.0,434.2,439.6,15052737
675,ESCOLA ESTADUAL ERIBERTO JASPER,Tailândia,2.0,13,449.0,441.4,457.1,467.0,422.8,456.9,15156788
676,ESCOLA ESTADUAL PRINCESA ISABEL - ATALAIA,Ananindeua,2.0,50,448.9,445.1,451.1,458.0,435.0,455.2,15034771
677,ESCOLA ESTADUAL RUI BARBOSA,Anajás,2.0,120,448.5,437.0,449.3,475.2,425.9,455.0,15024237
678,ESCOLA ESTADUAL RURAL DE NOVA ESPERANCA DO PIRIA,Nova Esperança do Piriá,2.0,25,448.3,474.6,452.7,475.3,446.0,392.8,15178315
679,ESCOLA ESTADUAL PROF GASPARINO BATISTA DA SILVA,Soure,2.0,62,448.3,446.5,427.1,453.5,423.6,490.6,15033651
680,ESCOLA ESTADUAL ADRIANO GONCALVES,Cachoeira do Piriá,2.0,50,448.1,444.1,442.1,472.4,431.8,450.4,15097307
681,ESCOLA ESTADUAL RURAL DE URUARA,Uruará,2.0,27,448.0,465.9,447.5,479.8,435.6,411.1,15178030
682,ESCOLA ESTADUAL PROF PORANGA JUCA,Belém,2.0,58,448.0,449.3,457.9,460.6,447.9,424.1,15042880
683,ESCOLA ESTADUAL PROFA BEATRIZ DO VALE,Alenquer,2.0,87,447.9,454.7,449.3,459.5,426.0,449.9,15587282
684,ESCOLA ESTADUAL PROF BOLIVAR BORDALLO DA SILVA,Bragança,2.0,98,447.8,459.3,461.7,468.3,433.6,416.3,15056813
685,ESCOLA ESTADUAL PADRE ANTONIO VIEIRA,Ourém,2.0,27,447.7,420.5,459.4,452.7,413.1,492.6,15093654
686,ESCOLA ESTADUAL PROF NAGIB COELHO MATNI,Belém,2.0,57,447.6,455.8,456.7,463.1,433.8,428.4,15564371
687,ESCOLA ESTADUAL RURAL DE MARACANA,Maracanã,2.0,50,447.4,457.0,455.8,464.9,421.0,438.4,15177351
688,ESCOLA ESTADUAL RURAL DE SAO DOMINGOS DO CAPIM,São Domingos do Capim,2.0,39,447.0,440.9,459.3,463.1,409.8,462.1,15177424
689,ANEXO EE PROF BENVINDA DE ARAUJO PONTES - RIO ITACURUCA,Abaetetuba,2.0,10,446.9,434.2,478.5,461.5,394.1,466.0,15170713
690,ESCOLA ESTADUAL CARLOS HENRIQUE,Parauapebas,2.0,32,446.9,442.6,451.4,491.0,413.5,436.2,15553566
691,ESCOLA ESTADUAL RURAL DE CAMETA,Cametá,2.0,361,446.9,434.2,444.9,447.8,416.4,491.0,15177670
692,ESCOLA ESTADUAL PADRE FRANCISCO BERTON,Belém,2.0,34,446.9,435.5,437.9,466.2,414.9,480.0,15042529
693,ESCOLA ESTADUAL DO CAMPO PROFA BENEDITA LIMA ARAUJO,Abaetetuba,2.0,40,446.6,430.1,452.8,446.7,409.5,494.0,15163768
694,ESCOLA ESTADUAL S PROF CAMILO SALGADO,Belém,2.0,109,446.5,440.8,430.6,451.9,443.9,465.3,15040143
695,ESCOLA ESTADUAL ANTONIO JESUS DE OLIVEIRA,Dom Eliseu,2.0,41,446.4,441.0,456.8,477.7,420.3,436.1,15160262
696,ESCOLA ESTADUAL DELGADO LEAO,Cachoeira do Arari,2.0,65,446.4,444.1,441.3,465.8,437.5,443.4,15028593
697,ESCOLA ESTADUAL SAO FRANCISCO DE ASSIS,Tailândia,2.0,97,446.2,442.8,461.0,471.9,419.7,435.9,15084434
698,ESCOLA ESTADUAL ENEIDA DE MORAES,Ananindeua,2.0,40,446.2,452.2,446.4,451.0,434.7,446.5,15144801
699,ESCOLA ESTADUAL CEL PINHEIRO JUNIOR,Tracuateua,2.0,152,446.2,437.8,455.6,459.5,409.8,468.3,15059260
700,ESCOLA ESTADUAL FREI DANIEL,Belém,2.0,60,446.1,441.4,442.4,454.3,433.2,459.0,15039951
701,ESCOLA ESTADUAL MANOEL JULIAO GARCIA CASTANHO,Bragança,2.0,21,446.1,440.4,418.6,485.4,419.6,466.7,15056791
702,ANEXO EE FRANCISCO NOBRE DE ALMEIDA - VILA DE MURUMURU,Monte Alegre,2.0,49,446.1,440.3,446.2,452.9,443.6,447.8,15169189
703,ESCOLA ESTADUAL PROFA MARIA ELIZETE FONA NUNES,Breves,2.0,87,445.7,436.2,455.4,469.8,419.3,447.8,15024792
704,ANEXO EE JOSE LUIZ MARTINS - UNIAO,Água Azul do Norte,2.0,22,445.7,438.0,444.7,460.0,419.4,466.4,15169952
705,ANEXO EE LIBERDADE - INDEPENDENCIA,Marabá,2.0,32,445.7,429.9,429.4,450.2,418.6,500.6,15169251
706,ESCOLA ESTADUAL PROF JOSE VALENTE RIBEIRO,Ananindeua,2.0,58,445.5,441.8,447.5,458.8,428.2,451.0,15034054
707,ESCOLA ESTADUAL PRETEXTATO DA COSTA ALVARENGA,Prainha,2.0,99,445.2,442.1,446.4,455.8,410.8,470.7,15009432
708,ESCOLA ESTADUAL MAGALHAES BARATA,Cametá,2.0,64,445.1,437.3,456.1,454.8,422.2,455.3,15070980
709,ESCOLA ESTADUAL PROFA MARIA DAS GRACAS ESCOCIO CERQUEIRA,Itaituba,2.0,34,445.1,435.5,450.1,469.0,416.2,454.7,15101029
710,ESCOLA ESTADUAL RURAL DE CAPITAO POCO,Capitão Poço,2.0,23,444.9,446.6,437.1,467.1,428.4,445.2,15178064
711,ESCOLA ESTADUAL PADRE LUCIANO CALDERARA,Viseu,2.0,202,444.8,443.3,451.1,453.5,413.7,462.8,15097145
712,ESCOLA ESTADUAL IRMA SANCHA AUGUSTA DE SOUZA E SILVA,Ourém,2.0,44,444.7,453.3,468.6,477.5,414.7,409.5,15093581
713,ESCOLA ESTADUAL JOSE HENRIQUE,Castanhal,2.0,21,444.4,428.3,444.2,447.6,428.7,473.3,15045463
714,ESCOLA ESTADUAL RURAL DE SAO FELIX DO XINGU,São Félix do Xingu,2.0,10,444.1,447.7,459.3,466.0,429.7,418.0,15178102
715,CENTRO DE EDUCACAO DE JOVENS E ADULTOS - SANTAREM,Santarém,2.0,35,444.1,463.9,453.3,457.9,403.5,441.7,15015564
716,ESCOLA ESTADUAL FLORA TEIXEIRA,Faro,2.0,59,444.0,441.9,450.5,453.5,421.0,453.2,15000036
717,ESCOLA ESTADUAL RURAL DE SAO JOAO DO ARAGUAIA,São João do Araguaia,2.0,31,443.9,442.3,450.8,470.2,424.0,432.3,15177882
718,ESCOLA ESTADUAL PAULINO DE BRITO,Portel,2.0,102,443.7,431.9,455.7,457.5,420.1,453.5,15021564
719,ESCOLA ESTADUAL RURAL DE VISEU,Viseu,2.0,65,443.7,434.7,443.9,461.2,416.4,462.2,15177939
720,ESCOLA ESTADUAL PROFA MARIA CAMARA PAES,Breves,2.0,119,443.6,437.9,443.7,459.0,420.8,456.5,15555933
721,ESCOLA ESTADUAL RAIMUNDO DE CAMPOS LOPES,Bujaru,2.0,33,443.6,430.7,447.3,462.7,405.8,471.5,15160513
722,ESCOLA ESTADUAL PROF VICENTINA SODRE DE ARAUJO,São Domingos do Capim,2.0,15,443.5,426.1,442.8,467.5,416.9,464.0,15094693
723,ESCOLA ESTADUAL PRESIDENTE KENNEDY,Vigia,2.0,71,443.3,453.3,462.2,464.2,433.4,403.7,15054381
724,ANEXO EE PEDRO TEIXEIRA - RIO FURO GRANDE,Abaetetuba,2.0,21,443.2,442.3,444.4,471.8,434.7,422.9,15175642
725,ESCOLA ESTADUAL PROF BASILIO DE CARVALHO,Abaetetuba,2.0,91,443.1,426.3,454.2,456.1,416.6,462.4,15064450
726,ESCOLA ESTADUAL DEP AMERICO PEREIRA LIMA,Juruti,2.0,54,443.0,445.8,454.8,468.5,409.6,436.3,15000265
727,ESCOLA ESTADUAL PACIFICO LEAO DA COSTA,Garrafão do Norte,2.0,18,442.9,444.2,460.5,458.3,447.1,404.4,15089452
728,ESCOLA ESTADUAL RURAL DE AUGUSTO CORREA,Augusto Corrêa,2.0,43,442.8,434.6,450.6,450.6,420.8,457.7,15177394
729,ESCOLA ESTADUAL JOSE LUIZ MARTINS,Água Azul do Norte,2.0,30,442.8,454.2,454.8,474.3,432.5,398.0,15123618
730,ESCOLA ESTADUAL BRASIL TROPICAL,Itupiranga,2.0,27,442.6,441.8,449.5,462.7,449.3,409.6,15111822
731,ESCOLA ESTADUAL PAULO HANNEMANN,Pau D'Arco,2.0,64,442.4,436.8,450.4,458.9,422.3,443.8,15131572
732,ESCOLA ESTADUAL SIMAO JACINTO DOS REIS,Tucuruí,2.0,96,441.9,437.6,447.8,472.1,411.3,440.8,15588610
733,ESCOLA ESTADUAL PROF LEONARDO NEGRAO DE SOUSA,Abaetetuba,2.0,56,441.9,447.2,453.0,466.1,428.0,415.0,15064654
734,ESCOLA ESTADUAL PROFA MARIA DO SOCORRO JACOB,Itaituba,2.0,50,441.9,429.5,455.9,467.4,404.2,452.4,15149510
735,ESCOLA ESTADUAL NOVO HORIZONTE,Ananindeua,2.0,65,441.8,444.8,437.0,450.4,437.8,439.1,15033864
736,ESCOLA ESTADUAL PROF ACY DE JESUS NEVES DE BARROS PEREIRA,Conceição do Araguaia,2.0,105,441.6,440.7,455.1,470.8,434.3,407.0,15134580
737,ESCOLA ESTADUAL PROF MAURICIO HAMOY,Óbidos,2.0,148,441.1,441.5,447.0,459.6,417.1,440.3,15167429
738,ESCOLA ESTADUAL PROFA ARGENTINA PEREIRA,Bragança,2.0,41,441.0,441.7,467.7,468.3,428.1,399.0,15056929
739,ANEXO EE MARIO BRASIL - VILA DO LOURO,Garrafão do Norte,2.0,14,440.7,443.9,466.0,456.5,400.2,437.1,15172902
740,ESCOLA ESTADUAL PROFA DEUSALINA DA CUNHA E SOUZA CARNEIRO,Acará,2.0,104,440.7,436.2,447.6,459.6,424.8,435.2,15585042
741,ESCOLA ESTADUAL GERMANO GARCIA,Bragança,2.0,23,440.7,434.4,440.2,466.4,384.2,478.3,15057224
742,ESCOLA ESTADUAL PROF SALOME CARVALHO,Marabá,2.0,44,440.6,449.7,450.9,464.8,420.6,416.8,15127664
743,ESCOLA ESTADUAL DR PAULO FONTELLES DE LIMA,Belém,2.0,60,440.5,441.6,440.0,447.1,422.9,451.0,15042936
744,CENTRO DE EDUCACAO DE JOVENS E ADULTOS PROF TEREZA DONATO DE ARAUJO,Marabá,2.0,22,440.3,445.3,459.2,475.1,406.6,415.5,15129560
745,ESCOLA ESTADUAL GONCALO FERREIRA,Curuçá,2.0,26,440.1,460.4,439.5,469.6,411.1,420.0,15049043
746,ESCOLA ESTADUAL NOVO PARAISO,São Geraldo do Araguaia,2.0,23,440.1,433.6,442.1,447.3,422.9,454.8,15215008
747,ESCOLA ESTADUAL FRANCISCO DA SILVA NUNES,São João de Pirabas,2.0,135,439.9,442.6,453.7,462.9,420.8,419.4,15053482
748,ESCOLA ESTADUAL RURAL DE CURUA,Curuá,2.0,20,439.4,442.3,431.0,438.9,419.7,465.0,15177300
749,ESCOLA ESTADUAL RURAL DE ANAPU,Anapu,2.0,19,439.2,412.3,451.5,451.7,396.5,484.2,15177874
750,ESCOLA ESTADUAL PROF MANOEL JOAQUIM MONTEIRO,Magalhães Barata,2.0,49,439.2,434.0,434.4,457.8,421.1,448.6,15049809
751,ESCOLA ESTADUAL ELIEL PEREIRA FAUSTINO,Paragominas,2.0,36,438.9,426.8,448.7,453.8,416.1,448.9,15169030
752,ESCOLA ESTADUAL ELINDA SIMPLICIO COSTA,Marabá,2.0,21,438.7,439.9,446.7,448.1,431.4,427.6,15127745
753,ANEXO EE PROFA MARIA DO SOCORRO JACOB - PIRACANA,Itaituba,2.0,21,438.5,434.6,452.9,479.5,408.4,417.1,15168956
754,ESCOLA ESTADUAL RURAL DE BREU BRANCO,Breu Branco,2.0,22,438.4,449.2,463.6,481.8,433.9,363.6,15177653
755,ESCOLA ESTADUAL ACACIO FELICIO SOBRAL,Belém,2.0,48,438.3,430.8,451.4,447.9,443.2,418.3,15039633
756,ESCOLA ESTADUAL RURAL DE VITORIA DO XINGU,Vitória do Xingu,2.0,26,438.3,436.5,447.4,458.0,424.1,425.4,15178145
757,ESCOLA ESTADUAL EUNICE WEAVER,Belém,2.0,41,438.3,451.5,438.4,446.0,417.3,438.5,15043525
758,ESCOLA ESTADUAL JOAO BATISTA DE MOURA CARVALHO,Benevides,2.0,19,437.8,422.3,462.6,473.0,419.7,411.6,15043983
759,ESCOLA ESTADUAL BENEDITA MARILDA DA SILVA BRAGA,Mocajuba,2.0,106,437.3,434.5,441.7,448.2,419.0,443.0,15175383
760,ESCOLA ESTADUAL PROFA RAIMUNDA SENA DA SILVA,Curuçá,2.0,33,437.1,434.8,432.6,465.7,420.9,431.5,15099881
761,ESCOLA ESTADUAL JOAO PAULO I,Quatipuru,2.0,21,437.1,455.3,461.5,467.8,423.0,378.1,15062520
762,ESCOLA ESTADUAL JOSE ALFREDO HAGE,Porto de Moz,2.0,48,436.9,453.9,444.8,465.3,413.5,407.1,15158950
763,ESCOLA ESTADUAL AGOSTINHO MONTEIRO,Ananindeua,2.0,41,436.7,428.7,422.2,449.7,438.7,444.4,15034569
764,ANEXO EE DES AUGUSTO OLIMPIO - VILA TIMBOTEUA,Nova Timboteua,2.0,26,436.5,428.4,439.8,456.8,432.1,425.4,15170241
765,ESCOLA ESTADUAL DIONISIO HAGE,Capitão Poço,2.0,18,436.5,428.1,444.7,468.4,416.8,424.4,15088332
766,ESCOLA ESTADUAL PADRE EDUARDO,Belém,2.0,43,436.5,432.7,448.6,445.3,437.8,418.1,15167313
767,ESCOLA ESTADUAL RURAL DE BRASIL NOVO,Brasil Novo,2.0,11,436.3,422.8,435.1,457.9,442.2,423.6,15177912
768,ESCOLA ESTADUAL RURAL DE SAO MIGUEL DO GUAMA,São Miguel do Guamá,2.0,19,436.3,419.7,442.9,450.6,411.3,456.8,15177459
769,ANEXO EE FRANCISCO NOBRE DE ALMEIDA - VILA DA CANP,Monte Alegre,2.0,30,435.9,420.0,452.5,463.7,420.4,422.7,15169090
770,ESCOLA ESTADUAL RURAL DE SANTAREM,Santarém,2.0,283,435.8,430.0,441.7,444.7,410.4,452.3,15177734
771,ESCOLA ESTADUAL IZIDORIO FRANCISCO DE SOUZA,Maracanã,2.0,35,435.5,448.0,443.8,464.7,424.5,396.6,15165949
772,ANEXO EE PROFA MARIA DO SOCORRO JACOB - MORAES ALMEIDA,Itaituba,2.0,13,435.3,455.9,445.2,458.2,374.2,443.1,15169197
773,ESCOLA ESTADUAL RURAL DE ALENQUER,Alenquer,2.0,46,435.2,438.4,445.2,453.2,398.6,440.9,15177785
774,ESCOLA ESTADUAL EDUARDO LAUANDE,Marituba,2.0,37,435.0,442.3,433.5,443.8,422.1,433.0,15577660
775,ESCOLA ESTADUAL ANDRE ALVES,Augusto Corrêa,2.0,38,434.7,437.9,443.8,441.7,404.3,445.8,15055582
776,ESCOLA ESTADUAL GENIPAUBA,Santa Bárbara do Pará,2.0,16,434.6,432.8,467.7,454.0,416.2,402.5,15044122
777,ANEXO EE MACARIO DANTAS - VILA FORTALEZA,São Geraldo do Araguaia,2.0,13,434.2,443.3,430.2,475.4,449.6,372.3,15169375
778,ESCOLA ESTADUAL RURAL DE MUANA,Muaná,2.0,89,433.9,425.4,433.7,448.6,411.1,450.8,15177645
779,ESCOLA ESTADUAL PROFA MARTA DA CONCEICAO,Belém,2.0,38,433.5,426.6,424.8,430.0,421.9,464.2,15042952
780,ESCOLA ESTADUAL RURAL DE JURUTI,Juruti,2.0,45,433.3,437.8,448.2,447.9,411.1,421.3,15177327
781,ESCOLA ESTADUAL RURAL DE NOVO REPARTIMENTO,Novo Repartimento,2.0,31,433.1,436.4,446.7,453.0,433.8,395.5,15177521
782,ESCOLA ESTADUAL PROFA ZENITA FREITAS DE MATOS,Juruti,2.0,27,433.1,427.1,443.3,441.8,411.8,441.5,15164780
783,ESCOLA ESTADUAL PROF MARIA DE NAZARE CEZAR PINHEIRO,Bragança,2.0,31,433.0,424.7,445.4,463.8,425.1,405.8,15057267
784,ESCOLA ESTADUAL AMILCAR ALVES TUPIASSU,Belém,2.0,52,432.8,442.2,447.6,457.9,425.9,390.4,15039552
785,ESCOLA ESTADUAL ITABOCAL,Irituia,2.0,35,432.6,445.8,450.9,457.2,416.9,392.0,15542297
786,ESCOLA ESTADUAL PROF LICIO SOLHEIRO,Brejo Grande do Araguaia,2.0,29,432.3,443.6,453.6,474.7,433.0,356.6,15126714
787,ESCOLA ESTADUAL RURAL DE BELTERRA,Belterra,2.0,22,431.9,437.5,427.1,428.9,403.4,462.7,15177378
788,ESCOLA ESTADUAL RURAL DE ACARA,Acará,2.0,133,431.7,435.4,443.6,445.6,412.1,421.8,15177440
789,ESCOLA ESTADUAL AUGUSTO OLIMPIO,Belém,2.0,37,431.4,435.5,432.5,443.5,439.1,406.5,15039706
790,ESCOLA ESTADUAL NICOLAU NERES DA SILVA,Irituia,2.0,57,431.2,431.9,449.0,444.4,388.1,442.5,15091171
791,ESCOLA ESTADUAL ESMERINA BOU HABIB,Abaetetuba,2.0,46,431.1,431.8,456.2,451.0,420.2,396.5,15064905
792,ESCOLA ESTADUAL CRESCENDO NA PRATICA,Parauapebas,2.0,18,431.0,451.6,458.6,437.3,428.4,378.9,15165981
793,ESCOLA ESTADUAL PROFA MARIA LUIZA DA COSTA REGO,Belém,2.0,44,430.8,429.0,431.8,461.1,424.2,407.7,15042944
794,ESCOLA ESTADUAL RURAL DE CURRALINHO,Curralinho,2.0,120,430.4,426.9,445.5,443.9,409.4,426.5,15178242
795,ESCOLA ESTADUAL RURAL DE SALVATERRA,Salvaterra,2.0,31,430.3,457.0,448.6,457.8,408.1,380.0,15178536
796,ESCOLA ESTADUAL FE EM DEUS,Belém,2.0,37,429.9,430.3,434.0,439.9,424.4,421.1,15148955
797,ESCOLA ESTADUAL DR ALMIR GABRIEL,Oriximiná,2.0,114,429.8,436.7,453.2,449.7,429.1,380.4,15577058
798,ESCOLA ESTADUAL ALICE SILVEIRA LIMA,Piçarra,2.0,51,429.3,435.7,448.2,450.5,420.7,391.4,15132420
799,ESCOLA ESTADUAL WALDEMAR HENRIQUE,Belém,2.0,62,429.0,432.4,441.7,452.1,441.5,377.1,15517900
800,ESCOLA ESTADUAL RURAL DE SAO SEBASTIAO DA BOA VISTA,São Sebastião da Boa Vista,2.0,59,428.6,431.4,443.6,448.0,408.6,411.5,15177688
801,ANEXO EE PRETEXTATO DA COSTA ALVARENGA - SANTA MARIA DO URUARA,Prainha,2.0,31,428.3,421.5,432.6,429.7,406.8,451.0,15169073
802,ESCOLA ESTADUAL PROF JOSE WILSON PEREIRA LEITE,Conceição do Araguaia,2.0,28,427.9,425.0,452.0,444.9,415.4,402.1,15134555
803,ESCOLA ESTADUAL RURAL DE MOJU,Moju,2.0,206,427.2,436.9,444.6,444.4,408.9,401.2,15177483
804,ESCOLA ESTADUAL RURAL DE BUJARU,Bujaru,2.0,80,427.0,433.1,428.1,431.4,407.8,434.8,15177491
805,ESCOLA ESTADUAL PEDRO TEIXEIRA,Abaetetuba,2.0,31,426.9,447.5,442.7,451.3,418.5,374.2,15064646
806,ESCOLA ESTADUAL JADER FONTENELLE BARBALHO,Santarém,2.0,20,426.5,441.0,443.3,465.7,404.6,378.0,15528855
807,ESCOLA ESTADUAL BRASILIA,Belém,2.0,54,426.5,429.1,434.4,442.4,413.3,413.3,15042677
808,ESCOLA ESTADUAL JOSE MARCELINO DE OLIVEIRA,Ananindeua,2.0,10,425.7,425.6,401.4,436.6,416.9,448.0,15034755
809,ESCOLA ESTADUAL IZABEL DOS SANTOS DIAS,Belém,2.0,38,425.4,437.3,430.9,440.3,432.0,386.3,15042863
810,ESCOLA ESTADUAL RURAL DE GARRAFAO DO NORTE,Garrafão do Norte,2.0,21,425.0,452.2,427.9,445.2,395.2,404.8,15178250
811,ESCOLA ESTADUAL RURAL DE SENADOR JOSE PORFIRIO,Senador José Porfírio,2.0,28,424.9,447.8,445.2,455.2,399.3,377.1,15178137
812,ESCOLA ESTADUAL DALCIDIO JURANDIR,Ponta de Pedras,2.0,107,424.7,432.6,441.5,457.1,403.3,389.0,15588831
813,ESCOLA ESTADUAL ARTHUR PORTO,Belém,2.0,34,424.5,440.1,440.6,445.8,414.4,381.8,15039668
814,ESCOLA ESTADUAL RURAL DE ANAJAS,Anajás,2.0,48,424.2,419.8,449.0,444.5,404.2,403.3,15178218
815,ESCOLA ESTADUAL PROF ACY DE JESUS BARROS PEREIRA,Belém,2.0,43,423.7,423.8,411.5,436.7,419.3,427.4,15040470
816,ESCOLA ESTADUAL JOAO APOLINARIO BATISTA,Santa Cruz do Arari,2.0,23,423.4,433.8,437.2,453.6,419.3,373.0,15033406
817,ESCOLA ESTADUAL RURAL DE BRAGANCA,Bragança,2.0,23,423.2,448.0,439.8,439.2,408.9,380.0,15177890
818,ESCOLA ESTADUAL SISTEMA EDUCATIVO RADIOFONICO DE BRAGANCA,Bragança,2.0,21,423.1,418.6,439.4,478.2,405.0,374.3,15156001
819,ANEXO EE EDUARDO ANGELIM - VILA CEDERE I,Parauapebas,2.0,15,422.6,456.2,447.3,456.6,412.9,340.0,15170381
820,ESCOLA ESTADUAL RURAL DE CONCORDIA DO PARA,Concórdia do Pará,2.0,39,420.3,430.9,437.9,450.6,404.8,377.4,15177505
821,ESCOLA SESI SANTAREM,Santarém,4.0,11,419.9,417.1,454.0,452.1,396.1,380.0,15011291
822,ESCOLA ESTADUAL RURAL DE MOCAJUBA,Mocajuba,2.0,42,419.6,421.7,427.8,437.7,390.1,421.0,15177718
823,ESCOLA ESTADUAL RURAL DE OBIDOS,Óbidos,2.0,66,419.0,426.6,429.7,445.8,409.7,383.0,15177335
824,ESCOLA ESTADUAL LUZIA NUNES FERNANDES,Marabá,2.0,18,418.5,443.1,395.2,475.6,415.1,363.3,15127753
825,ESCOLA ESTADUAL BENEDITO CARDOSO DE ATHAYDE,Augusto Corrêa,2.0,27,417.5,425.8,436.2,438.0,423.6,363.7,15550079
826,ESCOLA ESTADUAL PROFA IZABEL MARACAIPE,Itupiranga,2.0,19,417.3,429.0,436.5,438.1,426.1,356.8,15111938
827,ESCOLA ESTADUAL PROF LEONIDAS MONTE,Abaetetuba,2.0,29,416.8,446.0,425.2,451.3,407.1,354.5,15065006
828,ESCOLA ESTADUAL RURAL DE GURUPA,Gurupá,2.0,21,415.3,417.9,452.7,432.1,411.1,362.9,15178277
829,ESCOLA ESTADUAL RURAL DE NOVA IPIXUNA,Nova Ipixuna,2.0,11,415.1,409.4,426.4,450.5,420.1,369.1,15177823
830,ESCOLA ESTADUAL RURAL DE ALMEIRIM,Almeirim,2.0,25,414.0,414.9,440.7,440.7,441.6,332.0,15177793
831,ANEXO EE PADRE LUCIANO CALDERARA - VILA FERNANDES BELO,Viseu,2.0,51,413.4,408.7,436.3,437.6,395.2,389.0,15172490
832,ANEXO EE DR GASPAR VIANNA - NOVA MARABA,Marabá,2.0,25,412.5,443.6,411.3,453.8,402.4,351.2,15169294
833,ESCOLA ESTADUAL LUCIOLA BRASIL,Colares,2.0,11,412.5,420.3,437.6,446.7,381.7,376.4,15048560
834,ESCOLA ESTADUAL RURAL DE OEIRAS DO PARA,Oeiras do Pará,2.0,65,412.4,412.1,436.0,435.8,381.4,396.6,15177530
835,ESCOLA ESTADUAL RURAL DE BAIAO,Baião,2.0,69,411.9,437.4,428.9,435.3,391.1,367.0,15177602
836,ANEXO EE PRETEXTATO DA COSTA ALVARENGA - BOA VISTA DO CUCARI,Prainha,2.0,13,411.9,422.9,428.3,435.6,401.7,370.8,15169081
837,ESCOLA ESTADUAL ANTONIO DE OLIVEIRA GORDO,Moju,2.0,38,410.7,427.8,441.8,457.0,403.7,323.2,15587711
838,ESCOLA ESTADUAL RURAL DE MELGACO,Melgaço,2.0,89,407.4,428.5,438.3,429.0,400.2,341.1,15178293
839,ESCOLA ESTADUAL RURAL DE CACHOEIRA DO PIRIA,Cachoeira do Piriá,2.0,26,406.2,424.7,418.1,438.4,404.4,345.4,15177920
840,ESCOLA ESTADUAL RUY PARANATINGA BARATA,Belém,2.0,15,405.5,413.7,435.1,430.3,436.3,312.0,15552594
841,ESCOLA ESTADUAL RURAL DE PORTO DE MOZ,Porto de Moz,2.0,10,405.3,411.8,433.4,445.4,393.9,342.0,15178889
842,ESCOLA ESTADUAL SANTA CLARA,Anapu,2.0,12,404.6,435.3,447.3,479.6,399.2,261.7,15582728
843,ANEXO EE FRANCISCA NOGUEIRA DA COSTA RAMOS - SAO JOAQUIM DE ITUQUARA,Baião,2.0,16,403.8,414.3,432.7,446.9,381.2,343.8,15168824
844,ESCOLA ESTADUAL PROF ANTONIO GOMES MOREIRA JUNIOR,Belém,2.0,18,403.8,404.4,432.0,433.1,423.9,325.6,15552586
845,ESCOLA ESTADUAL RURAL DE PORTEL,Portel,2.0,19,402.5,430.3,431.3,415.8,395.0,340.0,15178285
846,ESCOLA ESTADUAL RURAL DE PONTA DE PEDRAS,Ponta de Pedras,2.0,20,400.1,418.3,434.1,442.7,398.3,307.0,15177661
847,ESCOLA ESTADUAL RURAL DE PRAINHA,Prainha,2.0,30,396.0,419.9,428.2,424.9,390.4,316.7,15177815
848,ESCOLA ESTADUAL RURAL DE SANTO ANTONIO DO TAUA,Santo Antônio do Tauá,2.0,14,392.7,406.4,406.5,416.4,382.8,351.4,15177548
849,ESCOLA ESTADUAL RURAL DE BAGRE,Bagre,2.0,11,389.6,414.3,428.2,402.5,394.1,309.1,15178340
850,ESCOLA ESTADUAL MARILDA NUNES,Belém,2.0,10,388.2,411.7,417.4,413.7,394.1,304.0,15042537
